,restaurantID,name,location,reviewCount,rating,categories,address,Hours,GoodforKids,AcceptsCreditCards,Parking,Attire,GoodforGroups,PriceRange,TakesReservations,Delivery,Takeout,WaiterService,OutdoorSeating,WiFi,GoodFor,Alcohol,NoiseLevel,Ambience,HasTV,Caters,WheelchairAccessible,webSite,phoneNumber,filReviewCount
0,pbEiXam9YJL3neCYHGwLUA,Alinea,"Alinea - Lincoln Park - Chicago, IL",841,4.5,"Restaurants, American (New)","1723 N Halsted St (between Willow St & Concord Pl) Chicago, IL 60614 Neighborhood: Lincoln Park",Wed-Sun 5 pm - 6:30 pm Wed-Sun 8 pm - 9:30 pm,No,Yes,Valet,Formal (Jacket Required),No,$$$$,Yes,No,No,Yes,No,No,Dinner,Full Bar,Quiet,"Classy, Upscale",No,No,Yes,http://www.alinearestaurant.com,(312) 867-0110,136
1,HOJqzz1WvOmeR9oESJ4d9A,Hot Doug's,"Hot Doug's - Avondale - Chicago, IL",2122,4.5,"Restaurants, Fast Food, Hot Dogs","3324 N California Ave (between Henderson St & Roscoe St) Chicago, IL 60618 Neighborhood: Avondale",Mon-Sat 10:30 am - 4 pm,Yes,No,Street,Casual,Yes,$,No,No,Yes,No,Yes,No,Lunch,No,Average,Casual,No,No,Yes,http://www.hotdougs.com,(773) 279-9550,234
2,AkfSndWBxnTn-LpmiL8aLA,Tru,"Tru - Near North Side - Chicago, IL",403,4.5,"Restaurants, American (New)","676 N St. Clair St (between Erie St & Huron St) Chicago, IL 60611 Neighborhoods: Near North Side, River East",Mon-Thu 6 pm - 9:30 pm Fri 6 pm - 10 pm Sat 5 pm - 10:30 pm,No,Yes,Valet,Formal (Jacket Required),No,$$$$,Yes,No,No,Yes,No,No,Dinner,Full Bar,Quiet,"Classy, Upscale",No,No,Yes,http://www.TRUrestaurant.com,(312) 202-0001,52
3,WBU0yq9J8qiYQfI_fh2P1Q,Crisp,"Crisp - Lakeview - Chicago, IL",1026,4.0,"Restaurants, Korean, Chicken Wings","2940 N Broadway Ave (between Oakdale Ave & Wellington Ave) Chicago, IL 60657 Neighborhood: Lakeview",Tue-Sun 11:30 am - 9 pm,Yes,Yes,Street,Casual,Yes,$,No,Yes,Yes,No,No,No,"Lunch, Dinner",No,Average,Casual,Yes,No,Yes,http://www.crisponline.com,(773) 697-7610,99
4,bNXpwTSavHBV9zBk2lUlGA,Schwa,"Schwa - Wicker Park - Chicago, IL",288,4.5,"Restaurants, American (New)","1466 N Ashland Ave (between Julian St & Le Moyne St) Chicago, IL 60622 Neighborhood: Wicker Park",Tue-Sat 5:30 pm - 10:30 pm,No,Yes,Street,Casual,No,$$$$,Yes,No,No,Yes,No,No,Dinner,No,Very Loud,Hipster,No,No,Yes,http://www.schwarestaurant.com,(773) 252-1466,55
5,t3pYu8eidmb2ZmexHRHT_Q,Green Mill,"Green Mill - Uptown - Chicago, IL",404,4.5,"Arts & Entertainment, Jazz & Blues, Nightlife, Bars, Lounges, Restaurants, American (New)","4802 N Broadway St (between Gunnison St & Racine Ave) Chicago, IL 60640 Neighborhood: Uptown",Mon-Fri 12 pm - 4 am Sat 12 pm - 5 am Sun 11 am - 4 am,No,Yes,Street,Casual,Yes,$$,No,No,No,Yes,No,,,Full Bar,Loud,"Casual, Intimate",No,,Yes,http://www.greenmilljazz.com,(773) 878-5552,65
6,boE4Ahsssqic7o5wQLI04w,The Purple Pig,"The Purple Pig - Near North Side - Chicago, IL",1312,4.0,"Restaurants, Modern European","500 N Michigan Ave (between Illinois St & Grand Ave) Chicago, IL 60611 Neighborhood: Near North Side","Mon-Thu, Sun 11:30 am - 12 am Fri-Sat 11:30 am - 2 am",No,Yes,Street,Casual,Yes,$$,No,No,No,Yes,Yes,No,Dinner,Full Bar,Loud,Trendy,No,No,Yes,http://thepurplepigchicago.com,(312) 464-1744,118
7,IuFEm-19YYh49T5ZlvwkDA,90 Miles Cuban Café,"90 Miles Cuban Café - Roscoe Village - Chicago, IL",458,4.5,"Restaurants, Cuban, Sandwiches","3101 N Clybourn Ave (between Barry Ave & Oakley Ave) Chicago, IL 60618 Neighborhood: Roscoe Village","Mon-Thu, Sun 8 am - 8 pm Fri-Sat 8 am - 9 pm",Yes,Yes,"Street, Private Lot",Casual,No,$,No,Yes,Yes,No,Yes,Free,Lunch,No,Average,Casual,No,Yes,Yes,http://www.90milescubancafe.com,(773) 248-2822,61
8,oEFJ29zAQaCNnQzebHQvpg,Violet Hour,"Violet Hour - Wicker Park - Chicago, IL",1114,4.0,"Nightlife, Bars, Lounges, Restaurants, American (New)","1520 N Damen Ave (between Wicker Park Ave & Pierce Ave) Chicago, IL 60622 Neighborhood: Wicker Park","Mon-Fri, Sun 6 pm - 2 am Sat 6 pm - 3 am",No,Yes,Street,Dressy,No,$$$,No,No,No,Yes,No,No,Late Night,Full Bar,Average,"Romantic, Classy, Intimate",No,No,Yes,http://www.theviolethour.com/,(773) 252-1500,108
9,jGiKIJCVLZHXQDSNnSLPsw,XOCO,"XOCO - Near North Side - Chicago, IL",1461,4.0,"Restaurants, Mexican","449 N Clark St Chicago, IL 60654 Neighborhood: Near North Side",Tue-Thu 8 am - 9 pm Fri-Sat 8 am - 10 pm,Yes,Yes,Street,Casual,No,$$,No,No,Yes,No,No,No,Lunch,Beer & Wine Only,Average,Casual,No,No,Yes,http://www.rickbayless.com,(312) 334-3688,128
10,F7IQngaDDBgYvhA3U31q-g,Irazu Costa Rican Restaurant & Catering,"Irazu Costa Rican Restaurant & Catering - Bucktown - Chicago, IL",947,4.0,"Restaurants, Latin American, Vegetarian, Event Planning & Services, Caterers","1865 N Milwaukee Ave (between Moffat St & Oakley Ave) Chicago, IL 60647 Neighborhood: Bucktown",Mon-Sat 11:30 am - 9:30 pm,Yes,No,Street,Casual,Yes,$$,No,Yes,Yes,Yes,Yes,No,Dinner,No,Average,Casual,No,Yes,Yes,http://www.irazuchicago.com,(773) 252-5687,109
11,DXwSYgiXqIVNdO9dazel6w,Pequod's Pizzeria,"Pequod's Pizzeria - DePaul - Chicago, IL",1157,4.0,"Restaurants, Pizza","2207 N Clybourn Ave (between Webster Ave & Greenview Ave) Chicago, IL 60614 Neighborhood: DePaul",Mon-Sat 11 am - 2 am Sun 11 am - 12 am,Yes,Yes,Street,Casual,Yes,$$,Yes,Yes,Yes,Yes,No,No,Dinner,Full Bar,Average,Casual,Yes,Yes,Yes,http://www.pequodspizza.com,(773) 327-1512,120
12,o54U2VkQama8FI30qDkWvw,The Chicago Diner,"The Chicago Diner - Lakeview - Chicago, IL",1098,4.0,"Restaurants, Vegetarian, Vegan","3411 N Halsted St (between Roscoe St & Newport Ave) Chicago, IL 60657 Neighborhood: Lakeview",Mon-Thu 11 am - 10 pm Fri 11 am - 10:30 pm Sat 10 am - 10:30 pm Sun 10 am - 10 pm,Yes,Yes,Street,Casual,No,$$,No,No,Yes,Yes,Yes,No,"Lunch, Dinner",Beer & Wine Only,Average,Casual,No,Yes,No,http://www.veggiediner.com,(773) 935-6696,146
13,O6uWHgJzylSjWjPSJKGhnQ,Sultan's Market,"Sultan's Market - Wicker Park - Chicago, IL",880,4.0,"Restaurants, Middle Eastern, Mediterranean","2057 W North Ave (at Hoyne Ave) Chicago, IL 60647 Neighborhood: Wicker Park",Mon-Sat 10 am - 10 pm Sun 10 am - 9 pm,Yes,No,Street,Casual,Yes,$,No,Yes,Yes,No,Yes,No,"Lunch, Dinner",No,Average,"Hipster, Casual",No,Yes,Yes,http://www.chicagofalafel.com,(773) 235-3072,116
14,dKcO9OQ44RPRlkWe-vToFA,Shaw's Crab House,"Shaw's Crab House - Near North Side - Chicago, IL",574,4.0,"Restaurants, Seafood, Sushi Bars, Arts & Entertainment, Jazz & Blues, Nightlife","21 E Hubbard St (between State St & Wabash Ave) Chicago, IL 60611 Neighborhood: Near North Side",Mon-Fri 11:30 am - 2 pm Mon-Thu 5:30 pm - 10 pm Fri-Sat 5 pm - 12 am Sun 10 am - 1:30 pm Sun 5 pm - 10 pm,No,Yes,Valet,Casual,Yes,$$$,Yes,No,Yes,Yes,No,Free,Dinner,Full Bar,Average,Classy,Yes,No,Yes,http://www.shawscrabhouse.com,(312) 527-2722,118
15,tCkwBTuEFvhuaBoEUWqbuQ,Meli Cafe & Juice Bar,"Meli Cafe & Juice Bar - Greektown - Chicago, IL",541,4.0,"Food, Juice Bars & Smoothies, Restaurants, Breakfast & Brunch","301 S Halsted St Chicago, IL 60607 Neighborhoods: Greektown, Near West Side, West Loop",Mon-Sun 6 am - 3 pm,Yes,Yes,Street,Casual,Yes,$$,No,No,Yes,Yes,No,No,Breakfast,No,Average,Casual,No,No,Yes,http://www.melicafe.com,(312) 454-0748,62
16,sR4EOfPuI-at41uIxIZPhw,Hopleaf Bar,"Hopleaf Bar - Andersonville - Chicago, IL",1182,4.0,"Restaurants, American (New), Gastropubs","5148 N Clark St (between United States Highway 41 & Winona St) Chicago, IL 60640 Neighborhoods: Andersonville, Ravenswood, Uptown","Mon-Fri, Sun 3 pm - 2 am Sat 3 pm - 3 am",No,Yes,Street,Casual,Yes,$$,No,No,Yes,Yes,Yes,No,Dinner,Full Bar,Very Loud,Casual,No,No,Yes,http://www.hopleaf.com,(773) 334-9851,125
17,m5_GCJP2W4zEJnyVgxa3eA,Longman & Eagle,"Longman & Eagle - Logan Square - Chicago, IL",956,4.0,"Restaurants, Gastropubs","2657 N Kedzie Ave (between Milwaukee Ave & Schubert Ave) Chicago, IL 60647 Neighborhood: Logan Square","Mon-Fri, Sun 9 am - 2 am Sat 9 am - 3 am",No,Yes,"Garage, Street",Casual,No,$$,No,No,Yes,Yes,Yes,No,Dinner,Full Bar,Average,Hipster,No,No,Yes,http://www.longmanandeagle.com,(773) 276-7110,89
18,q-_jW5lauONk_58S-wVIrg,Bonsoiree,"Bonsoiree - Logan Square - Chicago, IL",392,4.0,"Restaurants, American (New), French","2728 W Armitage Ave (between Washtenaw Ave & Fairfield Ave) Chicago, IL 60647 Neighborhoods: Logan Square, Bucktown",Tue-Sat 5 pm - 10 pm Sun 4 pm - 9 pm,No,Yes,Street,Casual,No,$$$$,Yes,No,Yes,Yes,Yes,No,Dinner,No,Quiet,"Romantic, Trendy, Intimate",No,Yes,Yes,http://www.bon-soiree.com,(773) 486-7511,52
19,sDYjKyI_67eUhFAqVneYjA,Gilt Bar,"Gilt Bar - Near North Side - Chicago, IL",572,4.0,"Restaurants, American (New), Nightlife, Bars, Lounges","230 W Kinzie St Chicago, IL 60654 Neighborhoods: Near North Side, River North","Mon-Wed, Sun 4:30 pm - 12 am Thu-Fri 4:30 pm - 2 am Sat 5:30 pm - 2 am",No,Yes,"Garage, Street, Valet",Casual,Yes,$$$,Yes,No,No,Yes,Yes,No,Dinner,Full Bar,Loud,Trendy,No,No,Yes,http://www.giltbarchicago.com,(312) 464-9544,62
20,CQ75CQSyrsmb-S3UAwCHpw,Wildfire,"Wildfire - Near North Side - Chicago, IL",493,4.0,"Restaurants, American (Traditional), Steakhouses","159 W Erie St Chicago, IL 60654 Neighborhoods: Near North Side, River North",Mon-Thu 5 pm - 10 pm Fri 5 pm - 11 pm Sat 4 pm - 11 pm Sun 4 pm - 9 pm,No,Yes,"Street, Valet",Casual,Yes,$$$,Yes,Yes,Yes,Yes,No,Free,Dinner,Full Bar,Average,Classy,Yes,Yes,Yes,http://www.wildfirerestaurant.com/…,(312) 787-9000,62
21,euO3-H92LCivH2B0CQPlnw,Chicago q,"Chicago q - Near North Side - Chicago, IL",543,4.0,"Restaurants, Barbeque","1160 N Dearborn St (between Elm St & Division St) Chicago, IL 60610 Neighborhood: Near North Side","Mon-Thu, Sun 11 am - 10:30 pm Fri-Sat 11 am - 12 am",No,Yes,"Street, Valet",Casual,Yes,$$,Yes,No,Yes,Yes,No,No,Dinner,Full Bar,Average,"Trendy, Casual",Yes,Yes,Yes,http://chicagoqrestaurant.com,(312) 642-1160,51
22,43rd1LKcZRIunySzbMsyLQ,Fogo de Chao,"Fogo de Chao - Near North Side - Chicago, IL",693,4.5,"Restaurants, Brazilian, Steakhouses","661 N La Salle St (between Erie St & Huron St) Chicago, IL 60610 Neighborhoods: Near North Side, River North",Mon-Fri 11 am - 2 pm Mon-Thu 5 pm - 10 pm Fri 5 pm - 10:30 pm Sat 4 pm - 10:30 pm Sun 4 pm - 9:30 pm,No,Yes,Valet,Casual,Yes,$$$,Yes,No,No,Yes,No,No,Dinner,Full Bar,Average,Classy,No,No,Yes,http://www.fogodechao.com/,(312) 932-9330,167
23,8j97C2qR95tvpbGtoFxEAw,Noon O Kabab,"Noon O Kabab - Albany Park - Chicago, IL",337,4.0,"Restaurants, Middle Eastern","4661 N Kedzie Ave (between Eastwood Ave & Leland Ave) Chicago, IL 60625 Neighborhood: Albany Park",Mon-Thu 11 am - 10 pm Fri-Sat 11 am - 11 pm Sun 11 am - 9 pm,Yes,Yes,Street,Casual,Yes,$$,No,Yes,Yes,Yes,No,No,Dinner,Full Bar,Average,Casual,No,Yes,Yes,http://www.noonokabab.com,(773) 279-9309,76
24,eHtnZ0ISo63_0zr9rFotjw,Sprout,"Sprout - Lincoln Park - Chicago, IL",267,4.0,"Restaurants, French, American (New)","1417 Fullerton Ave (between Southport Ave & Janssen Ave) Chicago, IL 60614 Neighborhoods: Lincoln Park, DePaul",Tue-Thu 5:30 pm - 10 pm Fri-Sat 5:30 pm - 11 pm Sun 10:30 am - 2:30 pm,No,Yes,Street,Dressy,Yes,$$$$,Yes,No,No,Yes,Yes,No,Dinner,Full Bar,Average,"Romantic, Classy, Trendy, Upscale",No,No,Yes,http://www.sproutrestaurant.com/,(773) 348-0706,50
25,JMa9cTNQA5mm4GbR2W8Oiw,Piccolo Sogno,"Piccolo Sogno - River West - Chicago, IL",481,4.0,"Restaurants, Italian","464 N Halsted St Chicago, IL 60642 Neighborhoods: River West, Near West Side",Mon-Fri 11:30 am - 2:30 pm Mon-Thu 5:30 pm - 10:30 pm Fri-Sat 5:30 pm - 11 pm Sun 5 pm - 10 pm,No,Yes,Valet,Dressy,Yes,$$$,Yes,No,Yes,Yes,Yes,No,Dinner,Full Bar,Average,"Romantic, Classy",No,Yes,Yes,http://piccolosognorestaurant.com/,(312) 421-0077,77
26,_b69OdBNLhysN1jFlYNQiA,The Bongo Room,"The Bongo Room - Wicker Park - Chicago, IL",769,4.0,"Restaurants, American (New), Breakfast & Brunch","1470 N Milwaukee Ave (between Evergreen Ave & Honore St) Chicago, IL 60622 Neighborhood: Wicker Park",Mon-Fri 7:30 am - 2:30 pm Sat-Sun 9 am - 2 pm,Yes,Yes,Street,Casual,No,$$,No,No,Yes,Yes,No,No,"Breakfast, Brunch",Full Bar,Average,"Hipster, Casual",No,No,Yes,http://thebongoroom.com,(773) 489-0690,88
27,WaIbupMGDBi5B3SChsUH8A,Cafe 28,"Cafe 28 - Lakeview - Chicago, IL",606,4.0,"Restaurants, Mexican, Latin American","1800 W Irving Park Rd (at Ravenswood Ave) Chicago, IL 60613 Neighborhood: Lakeview",Tue-Thu 5:30 pm - 10 pm Thu-Fri 11 am - 2 pm Fri-Sat 5:30 pm - 10:30 pm Sat-Sun 10 am - 2 pm Sun 5:30 pm - 9 pm,No,Yes,Street,Casual,Yes,$$,Yes,No,Yes,Yes,Yes,No,Dinner,Full Bar,Average,"Romantic, Casual",No,Yes,Yes,http://www.cafe28.org,(773) 528-2883,63
28,50gFzdVglOz88eFJ6v-26A,Glenn's Diner,"Glenn's Diner - North Center - Chicago, IL",667,4.0,"Restaurants, Diners, Seafood","1820 W Montrose Ave (between Honore St & Ravenswood Ave) Chicago, IL 60613 Neighborhoods: North Center, Ravenswood, Lakeview",Mon-Fri 11 am - 10 pm Sat 9 am - 10 pm Sun 9 am - 9 pm,Yes,Yes,Street,Casual,Yes,$$,Yes,No,Yes,Yes,Yes,No,"Dinner, Breakfast",Full Bar,Average,Casual,No,No,Yes,http://www.glennsdiner.com,(773) 506-1720,83
29,0-rkPnrTODt_veJ_nMVT_w,Sabatino's Restaurant & Lounge,"Sabatino's Restaurant & Lounge - Irving Park - Chicago, IL",274,4.0,"Restaurants, Italian","4441 W Irving Park Rd (between Kostner Ave & Kenneth Ave) Chicago, IL 60641 Neighborhood: Irving Park",,Yes,Yes,Valet,Casual,Yes,$$,Yes,No,Yes,Yes,No,No,Dinner,Full Bar,Average,Romantic,Yes,Yes,Yes,http://www.sabatinoschicago.com/,(773) 283-8331,64
30,oLM9piDKbj2PDgy-m3XEcQ,Calo Ristorante,"Calo Ristorante - Andersonville - Chicago, IL",425,4.0,"Restaurants, Pizza, Italian, Food, Beer, Wine & Spirits","5343 N Clark St (between Balmoral Ave & Summerdale Ave) Chicago, IL 60640 Neighborhoods: Andersonville, Edgewater",Mon-Thu 11 am - 1 am Fri-Sat 11 am - 2 am Sun 2 pm - 12 am,Yes,Yes,"Street, Private Lot",Casual,Yes,$$,Yes,Yes,Yes,Yes,No,No,Dinner,Full Bar,Average,"Romantic, Casual",Yes,Yes,Yes,http://www.calorestaurant.com/,(773) 271-7725,94
31,dLS8GPg-K1O-zJ3VJAtiyg,India House Restaurant,"India House Restaurant - Near North Side - Chicago, IL",596,4.0,"Restaurants, Indian","59 W Grand Ave (between Dearborn St & Clark St) Chicago, IL 60610 Neighborhood: Near North Side","Mon-Fri 11 am - 2:30 pm Mon-Thu, Sun 5 pm - 10 pm Fri-Sat 5 pm - 11 pm Sat-Sun 11 am - 3 pm",Yes,Yes,Street,Casual,Yes,$$,Yes,Yes,Yes,Yes,No,No,"Lunch, Dinner",Full Bar,Average,Classy,No,Yes,Yes,http://www.indiahousechicago.com,(312) 645-9500,68
32,NGfbRjWoqUh2fGw8DU_pmA,Caro Mio,"Caro Mio - Lincoln Square - Chicago, IL",327,4.0,"Restaurants, Italian","1825 W Wilson Ave (at Wolcott Ave) Chicago, IL 60640 Neighborhoods: Lincoln Square, Ravenswood",Mon-Thu 4 pm - 10 pm Fri-Sat 4 pm - 11 pm Sun 3 pm - 9 pm,No,Yes,Street,Casual,Yes,$$,Yes,No,Yes,Yes,No,No,Dinner,No,Average,"Romantic, Casual, Intimate",No,No,Yes,http://www.caromiochicago.com,(773) 275-5000,65
33,vvhfPV-Llkd4fE2SHuLVvA,The Gage,"The Gage - The Loop - Chicago, IL",883,4.0,"Restaurants, Gastropubs, American (New)","24 S Michigan Ave (between Madison St & Monroe St) Chicago, IL 60603 Neighborhood: The Loop",Mon-Wed 11 am - 10 pm Thu-Fri 11 am - 11 pm Sat 10 am - 11 pm Sun 10 am - 10 pm,No,Yes,"Garage, Street, Valet",Casual,Yes,$$$,Yes,No,Yes,Yes,Yes,No,Dinner,Full Bar,Average,Classy,Yes,No,Yes,http://www.thegagechicago.com,(312) 372-4243,79
34,FCcgXODBs6O7MGH3VZNyLQ,Superdawg Drive-In,"Superdawg Drive-In - Norwood Park - Chicago, IL",692,4.0,"Restaurants, Hot Dogs, Burgers","6363 N Milwaukee Ave (between Highland Ave & Nagle Ave) Chicago, IL 60646 Neighborhood: Norwood Park","Mon-Thu, Sun 11 am - 1 am Fri-Sat 11 am - 2 am",Yes,Yes,Private Lot,Casual,Yes,$,No,No,Yes,Yes,Yes,No,"Lunch, Dinner",No,Average,Casual,No,Yes,Yes,http://www.superdawg.com,(773) 763-0660,111
35,Rlg07N7Sl1qTzjc7zc6Whg,Icosium Kafé,"Icosium Kafé - Andersonville - Chicago, IL",343,4.0,"Restaurants, Creperies, Breakfast & Brunch, Mediterranean","5200 N Clark St (between United States Highway 41 & Farragut Ave) Chicago, IL 60640 Neighborhoods: Andersonville, Uptown",Mon-Thu 9 am - 9 pm Fri 9 am - 10 pm Sat 8 am - 10 pm Sun 8 am - 9 pm,Yes,Yes,Street,Casual,Yes,$$,No,No,Yes,Yes,No,No,Lunch,No,Average,"Casual, Intimate",No,No,Yes,http://icosiumkafechicago.com,(773) 271-5233,50
36,UQ3cGi3GdBljE3i2_qLcBQ,Artopolis,"Artopolis - Greektown - Chicago, IL",355,4.0,"Food, Bakeries, Restaurants, Greek, Arts & Entertainment, Wineries","306 S Halsted St (between Gladys Ave & Jackson Blvd) Chicago, IL 60661 Neighborhoods: Greektown, Near West Side, West Loop",Mon-Thu 8:30 am - 12 am Fri-Sat 8:30 am - 1 am Sun 9 am - 12 am,Yes,Yes,Street,Casual,Yes,$$,No,No,Yes,Yes,No,No,"Dessert, Lunch",Full Bar,Average,Casual,Yes,Yes,Yes,http://www.artopolischicago.com,(312) 559-9000,50
37,N7juvW8YoFIj7sEBzVF8GQ,Simply It,"Simply It - Lincoln Park - Chicago, IL",311,4.0,"Restaurants, Vietnamese, Soup, Sandwiches","2269 N Lincoln Ave (between Belden Ave & Geneva Ter) Chicago, IL 60614 Neighborhood: Lincoln Park",Mon 5 pm - 10 pm Tue-Thu 11 am - 10 pm Fri-Sat 11 am - 11 pm Sun 12 pm - 10 pm,Yes,Yes,Street,Casual,Yes,$$,Yes,Yes,Yes,Yes,No,No,Dinner,No,Average,Casual,No,Yes,Yes,http://www.simplyitrestaurant.com,(773) 248-0884,241
38,AqgG-1aD6JYj9D6OmBWO3w,Frontera Grill,"Frontera Grill - Near North Side - Chicago, IL",1034,4.0,"Restaurants, Mexican","445 N Clark St Chicago, IL 60654 Neighborhood: Near North Side",Tue-Fri 11:30 am - 2:30 pm Tue 5:30 pm - 10 pm Wed-Thu 5 pm - 10 pm Fri-Sat 5 pm - 11 pm Sat 10:30 am - 2 pm,No,Yes,"Street, Valet",Casual,Yes,$$$,Yes,No,No,Yes,Yes,No,Dinner,Full Bar,Average,Casual,No,No,Yes,http://www.rickbayless.com/restaur…,(312) 661-1434,120
39,Pcg4FtfbvSMMwrYuE1yVjQ,Mastro's Steakhouse,"Mastro's Steakhouse - Near North Side - Chicago, IL",318,4.0,"Restaurants, Steakhouses","520 N Dearborn St Chicago, IL 60654 Neighborhood: Near North Side",Mon-Sun 5 pm - 12 am,No,Yes,Valet,Dressy,Yes,$$$$,Yes,No,No,Yes,No,No,Dinner,Full Bar,Average,"Classy, Upscale",Yes,No,Yes,http://www.mastrosrestaurants.com,(312) 521-5100,65
40,IvdOI86_CSCRFpid2atnyA,Davanti Enoteca,"Davanti Enoteca - University Village - Chicago, IL",578,4.0,"Restaurants, Italian","1359 W Taylor St (between Ada St & Loomis St) Chicago, IL 60607 Neighborhood: University Village",Mon-Thu 11:30 am - 11 pm Fri-Sat 11:30 am - 12 am Sun 11:30 am - 10 pm,No,Yes,Street,Casual,Yes,$$,No,No,Yes,Yes,No,No,Dinner,Full Bar,Average,"Romantic, Trendy, Casual",No,No,No,http://www.davantichicago.com,(312) 226-5550,55
41,LYppbvgJlBG0SqjSKFiFGg,Sapori Trattoria,"Sapori Trattoria - Lincoln Park - Chicago, IL",574,4.5,"Restaurants, Italian","2701 N Halsted St (between Diversey Pky & Schubert Ave) Chicago, IL 60614 Neighborhood: Lincoln Park",Mon-Thu 4:30 pm - 10 pm Fri 4:30 pm - 11 pm Sat 4 pm - 11 pm Sun 3 pm - 10 pm,No,Yes,Street,Casual,Yes,$$,Yes,No,Yes,Yes,Yes,No,Dinner,Full Bar,Average,Romantic,No,Yes,Yes,http://www.saporitrattoria.net,(773) 832-9999,91
42,0fFLUKl71vv3eNV2xhikEw,Spacca Napoli,"Spacca Napoli - Ravenswood - Chicago, IL",656,4.0,"Restaurants, Pizza","1769 W Sunnyside Ave (between Hermitage Ave & Ravenswood Ave) Chicago, IL 60640 Neighborhood: Ravenswood",Tue-Thu 5 pm - 9 pm Wed-Fri 11:30 am - 3 pm Fri 5 pm - 10 pm Sat 11:30 am - 10 pm Sun 12 pm - 9 pm,Yes,Yes,Street,Casual,Yes,$$,Yes,No,Yes,Yes,Yes,No,Dinner,Beer & Wine Only,Average,Casual,No,No,Yes,http://spaccanapolipizzeria.com,(773) 878-2420,92
43,5OtAmmypXvuTbkFBCziF_Q,Le Colonial,"Le Colonial - Near North Side - Chicago, IL",521,4.0,"Restaurants, Vietnamese, French","937 N Rush St (between Walton St & Oak St) Chicago, IL 60611 Neighborhood: Near North Side",,No,Yes,Valet,Dressy,Yes,$$$,Yes,No,No,Yes,Yes,No,Dinner,Full Bar,Average,"Romantic, Classy",No,No,Yes,http://www.lecolonialchicago.com,(312) 255-0088,60
44,Z2nOMPedr7XYhgYhILJjEA,Piece Brewery and Pizzeria,"Piece Brewery and Pizzeria - Wicker Park - Chicago, IL",1543,4.0,"Restaurants, Pizza, Food, Breweries","1927 W North Ave (between Winchester Ave & Elk Grove Ave) Chicago, IL 60622 Neighborhood: Wicker Park",Mon-Thu 11 am - 1 am Fri 11 am - 1:30 am Sat 11 am - 2:30 am Sun 11 am - 12 am,No,Yes,"Street, Valet",Casual,Yes,$$,Yes,Yes,Yes,Yes,No,Free,Dinner,Full Bar,Loud,Casual,Yes,No,Yes,http://www.piecechicago.com,(773) 772-4422,151
45,3Mx2PM7v8qjqhgF3cDXxbQ,Texas de Brazil,"Texas de Brazil - Near North Side - Chicago, IL",345,4.0,"Restaurants, Brazilian, Steakhouses","51 E Ohio St (between Rush St & Wabash Ave) Chicago, IL 60611 Neighborhood: Near North Side",Mon-Fri 5 pm - 10 pm Sat 4:30 pm - 10 pm Sun 4 pm - 9 pm,No,Yes,Valet,Casual,Yes,$$$,Yes,No,No,Yes,No,No,Dinner,Full Bar,Average,"Romantic, Classy, Trendy, Upscale",No,Yes,Yes,http://www.texasdebrazil.com,(312) 670-1006,66
46,OKOfoisduqP24uK3WYvx7Q,Revolution Brewing Co,"Revolution Brewing Co - Logan Square - Chicago, IL",994,4.0,"Food, Breweries, Restaurants, American (New)","2323 N Milwaukee Ave (between California Ave & Belden Ave) Chicago, IL 60647 Neighborhood: Logan Square",Mon-Sun 11 am - 2 am,No,Yes,Street,Casual,Yes,$$,No,No,Yes,Yes,No,No,Dinner,Full Bar,Loud,"Hipster, Casual",Yes,Yes,Yes,http://revbrew.com/,(773) 227-2739,71
47,sfWMOqUEp8S2adDeJp7Kzg,Carnivale,"Carnivale - Near West Side - Chicago, IL",897,4.0,"Restaurants, Latin American, American (New)","702 W Fulton St (between Union Ave & I-90) Chicago, IL 60661 Neighborhoods: Near West Side, West Loop","Mon-Fri 11:30 am - 2:30 pm Mon-Thu, Sun 5 pm - 10 pm Fri-Sat 5 pm - 11 pm",No,Yes,Valet,Dressy,Yes,$$$,Yes,No,Yes,Yes,Yes,No,Dinner,Full Bar,Loud,Trendy,No,Yes,Yes,http://www.carnivalechicago.com,(312) 850-5005,126
48,GEpXn9rtTMtIj5NsGFiNQw,The Bad Apple,"The Bad Apple - North Center - Chicago, IL",578,4.0,"Nightlife, Bars, Restaurants, Burgers","4300 N Lincoln Ave (between Cullom Ave & Pensacola Ave) Chicago, IL 60618 Neighborhood: North Center","Mon-Wed 4:30 pm - 2 am Thu-Fri, Sun 11:30 am - 2 am Sat 11:30 am - 3 am",No,Yes,Street,Casual,Yes,$$,No,No,Yes,Yes,Yes,Free,Dinner,Full Bar,Average,Casual,Yes,No,Yes,http://www.badapplebar.com,(773) 360-8406,64
49,mlhHPnHmjO2_ypcP5Vc9Zw,Coast Sushi Bar,"Coast Sushi Bar - Bucktown - Chicago, IL",698,4.0,"Restaurants, Sushi Bars","2045 N Damen Ave (between Mclean Ave & Dickens Ave) Chicago, IL 60647 Neighborhood: Bucktown","Mon, Sun 4 pm - 11 pm Tue-Sat 4 pm - 12 am Sat-Sun 11:30 am - 4 pm",No,Yes,Street,Casual,Yes,$$,Yes,Yes,Yes,Yes,No,No,Dinner,No,Average,Trendy,No,No,Yes,http://www.coastsushibar.com/,(773) 235-5775,96
50,xXSMc3pDWTRQHLgjBTtTUg,Mayan Palace Mexican Cuisine,"Mayan Palace Mexican Cuisine - Lincoln Park - Chicago, IL",376,4.0,"Restaurants, Mexican","2703 N Halsted St (between Diversey Pky & Schubert Ave) Chicago, IL 60614 Neighborhood: Lincoln Park",,Yes,Yes,Street,Casual,Yes,$$,Yes,No,Yes,Yes,Yes,No,Dinner,Full Bar,Average,Casual,Yes,Yes,Yes,http://www.themayanpalace.com/,(773) 935-4200,54
51,_UJ3KqtHIHjExbAg-iIGUA,Greek Islands Restaurant,"Greek Islands Restaurant - Greektown - Chicago, IL",660,4.0,"Restaurants, Greek, Mediterranean","200 S Halsted St (between Adams St & Quincy St) Chicago, IL 60661 Neighborhoods: Greektown, Near West Side, West Loop","Mon-Thu, Sun 11 am - 12 am Fri-Sat 11 am - 1 am",Yes,Yes,Valet,Casual,Yes,$$,Yes,No,Yes,Yes,Yes,No,Dinner,Full Bar,Average,Casual,Yes,Yes,Yes,http://www.greekislands.net,(312) 782-9855,99
52,hylBw5ND7XyPldM6BN28vw,Geja's Cafe,"Geja's Cafe - Lincoln Park - Chicago, IL",616,4.0,"Restaurants, Fondue","340 W Armitage Ave (between Ogden Ave & Orleans St) Chicago, IL 60614 Neighborhood: Lincoln Park",Mon-Thu 5 pm - 10 pm Fri 5 pm - 11 pm Sat 5 pm - 11:30 pm Sun 4:30 pm - 9:30 pm,No,Yes,"Street, Valet",Dressy,No,$$$,Yes,No,No,Yes,No,No,Dinner,Full Bar,Average,Romantic,No,No,No,http://www.gejascafe.com,(773) 281-9101,110
53,cQnY_VneZisfUAqcbuEuKg,Nuevo Leon Restaurant,"Nuevo Leon Restaurant - Pilsen - Chicago, IL",565,4.0,"Restaurants, Mexican","1515 W 18th St (between Laflin St & Ashland Ave) Chicago, IL 60608 Neighborhood: Pilsen",Mon-Sun 7 am - 12 am,Yes,No,Street,Casual,Yes,$,No,No,Yes,Yes,No,No,"Lunch, Dinner",No,Average,Casual,No,Yes,Yes,http://www.nuevoleonrestaurant.com,(312) 421-1517,101
54,XgGUnYs2bjbbNvBefFtWxA,The Pasta Bowl,"The Pasta Bowl - Lincoln Park - Chicago, IL",372,4.0,"Restaurants, Italian","2434 N Clark St (between Fullerton Ave & Arlington Pl) Chicago, IL 60614 Neighborhood: Lincoln Park",Mon-Sat 11 am - 11 pm Sun 12 pm - 11 pm,Yes,Yes,Street,Casual,No,$,No,Yes,Yes,Yes,No,No,Dinner,Full Bar,Average,Casual,Yes,Yes,Yes,http://www.pastabowl.com,(773) 525-2695,54
55,7mCeefskNUtOkzxt_MLHKA,The 3rd Coast,"The 3rd Coast - Near North Side - Chicago, IL",210,4.0,"Nightlife, Bars, Wine Bars, Restaurants, American (New)","1260 N Dearborn St (between Division St & Goethe St) Chicago, IL 60610 Neighborhood: Near North Side",Mon-Sun 7 am - 12 am,Yes,Yes,"Street, Validated",Casual,Yes,$$,No,No,Yes,Yes,No,No,"Breakfast, Brunch",Full Bar,Quiet,Casual,No,No,Yes,http://www.3rdcoastcafe.com,(312) 649-0730,62
56,DBtXy8wcPsVr80oFfz-CbA,Nana,"Nana - Bridgeport - Chicago, IL",413,4.0,"Restaurants, American (New), Breakfast & Brunch","3267 S Halsted St (between 33rd St & 32nd St) Chicago, IL 60608 Neighborhood: Bridgeport",Mon-Fri 9 am - 2:30 pm Mon-Sun 5 pm - 9 pm Sat-Sun 8 am - 2:30 pm,Yes,Yes,Street,Casual,Yes,$$,Yes,No,Yes,Yes,Yes,Free,"Lunch, Breakfast, Brunch",Full Bar,Average,"Trendy, Casual",No,Yes,Yes,http://www.nanaorganic.com/,(312) 929-2486,77
57,JDNZxz0ud7zhuPo5pqznMA,Demera Ethiopian Restaurant,"Demera Ethiopian Restaurant - Uptown - Chicago, IL",413,4.0,"Restaurants, Ethiopian","4801 N Broadway St (between Gunnison St & Racine Ave) Chicago, IL 60640 Neighborhood: Uptown","Mon-Thu, Sun 11 am - 10 pm Fri-Sat 11 am - 11 pm",Yes,Yes,Street,Casual,Yes,$$,Yes,Yes,Yes,Yes,No,No,Dinner,Full Bar,Average,Casual,Yes,Yes,Yes,http://www.demeraethiopianrestaura…,(773) 334-8787,75
58,Au1f1UMmKcgOXLsg4v56xw,Little Bucharest Bistro,"Little Bucharest Bistro - Irving Park - Chicago, IL",150,4.0,"Restaurants, Modern European","3661 N Elston Ave (between Spaulding Ave & Sawyer Ave) Chicago, IL 60618 Neighborhood: Irving Park","Mon, Wed-Fri, Sun 3 pm - 2 am Sat 3 pm - 3 am",Yes,Yes,Street,Casual,Yes,$$,Yes,Yes,Yes,Yes,Yes,Free,Dinner,Full Bar,Average,Romantic,No,Yes,Yes,http://www.littlebucharestbistro.c…,(773) 604-8500,68
59,6PQTqW9j-sriDBQyQCJbjw,Mia Francesca,"Mia Francesca - Lakeview - Chicago, IL",380,4.0,"Restaurants, Italian","3311 N Clark St (between Buckingham Pl & School St) Chicago, IL 60657 Neighborhood: Lakeview",Mon-Thu 5 pm - 10 pm Fri 5 pm - 11 pm Sat-Sun 10 am - 10 pm,No,Yes,Street,Casual,Yes,$$,Yes,No,Yes,Yes,Yes,No,Dinner,Full Bar,Very Loud,Casual,No,No,Yes,http://www.francescarestaurants.com,(773) 281-3310,71
60,yBRaSkuYwFhYEoucDyD0lA,Lao Sze Chuan,"Lao Sze Chuan - Chinatown - Chicago, IL",607,4.0,"Restaurants, Chinese","2172 S Archer Ave (between Wentworth Ave & 21st St) Chicago, IL 60616 Neighborhood: Chinatown",Mon-Sun 11 am - 12 am,Yes,Yes,Street,Casual,Yes,$$,Yes,No,Yes,Yes,No,No,Dinner,Beer & Wine Only,Average,Casual,No,No,Yes,http://www.TonyGourmetGroup.com,(312) 326-5040,94
61,o4NcUfco7JxOcyfKFWyAhg,Mercat a la Planxa,"Mercat a la Planxa - South Loop - Chicago, IL",702,4.0,"Restaurants, Tapas Bars","638 S Michigan Ave (between Balbo Ave & Congress Plaza Dr) Chicago, IL 60605 Neighborhood: South Loop","Mon-Thu, Sun 7 am - 10 pm Fri-Sat 7 am - 11 pm",No,Yes,Valet,Casual,Yes,$$$,Yes,No,No,Yes,Yes,No,Dinner,Full Bar,Loud,Trendy,No,No,Yes,http://www.mercatchicago.com,(312) 765-0524,74
62,LlHEzxQTiiLJokn2tli35A,Graham Elliot,"Graham Elliot - Near North Side - Chicago, IL",581,4.0,"Restaurants, American (New)","217 W Huron St Chicago, IL 60654 Neighborhoods: Near North Side, River North",Wed-Sun 5 pm - 10 pm,No,Yes,"Street, Valet",Casual,Yes,$$$$,Yes,No,No,Yes,No,No,Dinner,Full Bar,Average,Trendy,No,No,Yes,http://www.grahamelliot.com,(312) 624-9975,77
63,NYhIkpTi4ffmkAu4o2aKuA,Opart Thai House Restaurant,"Opart Thai House Restaurant - Lincoln Square - Chicago, IL",421,4.0,"Restaurants, Thai","4658 N Western Ave (at Leland Ave) Chicago, IL 60625 Neighborhoods: Lincoln Square, Ravenswood","Mon-Thu, Sun 11 am - 10 pm Fri-Sat 11 am - 11 pm",Yes,Yes,Street,Casual,Yes,$$,Yes,Yes,Yes,Yes,No,No,Dinner,No,Average,Casual,No,Yes,Yes,http://www.opartthai.com,(773) 989-8517,52
64,8d_DiHWB-pjBVW3a7D8EWg,Sunda,"Sunda - Near North Side - Chicago, IL",911,4.0,"Restaurants, Asian Fusion, Sushi Bars","110 W Illinois St Chicago, IL 60654 Neighborhoods: Near North Side, River North",Mon-Fri 11:30 am - 3 pm Mon-Wed 5 pm - 11 pm Thu-Sat 5 pm - 12 am Sun 10:30 am - 3 pm,No,Yes,Valet,Dressy,Yes,$$$,Yes,No,Yes,Yes,Yes,No,Dinner,Full Bar,Average,Trendy,No,Yes,Yes,http://www.sundachicago.com,(312) 644-0500,217
65,CwPi6NVuJIZZx4IBcTekFQ,Yolk,"Yolk - South Loop - Chicago, IL",727,3.5,"Restaurants, Breakfast & Brunch, American (Traditional)","1120 S Michigan Ave (between 11th St & Roosevelt Rd) Chicago, IL 60605 Neighborhood: South Loop",Mon-Fri 6 am - 3 pm Sat-Sun 7 am - 3 pm,Yes,Yes,"Garage, Street, Validated",Casual,Yes,$$,No,No,Yes,Yes,No,No,Breakfast,No,Average,Casual,No,No,Yes,http://www.eatyolk.com,(312) 789-9655,107
66,1g52-6WzlhjIOpNAsBjPJg,Sushi X,"Sushi X - River West - Chicago, IL",279,4.0,"Restaurants, Sushi Bars","1136 W Chicago Ave Chicago, IL 60642 Neighborhoods: River West, Noble Square","Mon-Fri 11 am - 2 pm Mon-Thu, Sun 5 pm - 10 pm Fri-Sat 5 pm - 11 pm",No,Yes,Street,Casual,No,$$,Yes,Yes,Yes,Yes,No,,Dinner,No,Average,"Trendy, Casual",Yes,Yes,Yes,http://www.rollingatsushix.com/,(312) 491-9232,51
67,KomhK0JD5cleEW55YTw7MQ,Sun Wah Bar-B-Que,"Sun Wah Bar-B-Que - Uptown - Chicago, IL",606,4.0,"Restaurants, Chinese","5041 N Broadway (between Winnemac Ave & Carmen Ave) Chicago, IL 60640 Neighborhood: Uptown","Mon-Wed, Sun 9 am - 9 pm Fri-Sat 9 am - 10 pm",Yes,Yes,Street,Casual,Yes,$$,Yes,No,Yes,Yes,No,No,Dinner,Beer & Wine Only,Average,Casual,No,Yes,Yes,http://www.sunwahbbq.com/,(773) 769-1254,75
68,qkfBgSCbekH3DHTanVL1_w,Indie Cafe Thai & Sushi,"Indie Cafe Thai & Sushi - Edgewater - Chicago, IL",444,4.0,"Restaurants, Sushi Bars, Japanese, Thai","5951 N Broadway (between Thorndale Ave & Elmdale Ave) Chicago, IL 60660 Neighborhood: Edgewater",,No,Yes,Street,Casual,Yes,$$,Yes,Yes,Yes,Yes,Yes,No,Dinner,Full Bar,Average,"Romantic, Trendy",No,No,Yes,http://www.indiecafe.us/,(773) 561-5577,82
69,n3VjBryfinjRG1W3LWsPBQ,Fox & Obel,"Fox & Obel - Near North Side - Chicago, IL",485,3.5,"Food, Grocery, Event Planning & Services, Caterers, Restaurants, American (New)","401 E Illinois St (between New St & Park Dr) Chicago, IL 60611 Neighborhood: Near North Side",Mon-Sun 6 am - 12 am,Yes,Yes,"Garage, Street, Validated",Casual,Yes,$$,Yes,Yes,Yes,Yes,No,No,"Lunch, Breakfast",Beer & Wine Only,Average,Casual,No,Yes,Yes,http://www.fox-obel.com,(312) 410-7301,56
70,z_qEuUuRWIq4O-YufXHf1w,Giordano's Famous Stuffed Pizza,"Giordano's Famous Stuffed Pizza - Near North Side - Chicago, IL",530,3.5,"Restaurants, Pizza","730 N Rush St (between Superior St & Chicago Ave) Chicago, IL 60611 Neighborhood: Near North Side",Mon-Sun 11 am - 12 am,Yes,Yes,Street,Casual,Yes,$$,Yes,Yes,Yes,Yes,No,No,"Lunch, Dinner",Full Bar,Loud,"Touristy, Casual",Yes,Yes,Yes,http://www.giordanos.com/,(312) 951-0747,68
71,hvHVAs2lhaoYo_rxOUuSTQ,La Villa Restaurant Pizzeria & Banquet,"La Villa Restaurant Pizzeria & Banquet - Irving Park - Chicago, IL",173,4.0,"Restaurants, Pizza, Event Planning & Services, Venues & Event Spaces, Italian","3632 N Pulaski Rd (between Waveland Ave & Patterson Ave) Chicago, IL 60641 Neighborhood: Irving Park",Mon-Thu 2 pm - 12 am Fri 2 pm - 1 am Sat 11 am - 1 am Sun 11 am - 11 pm,Yes,Yes,Private Lot,Casual,Yes,$$,Yes,Yes,Yes,Yes,No,No,Dinner,Full Bar,Average,Casual,Yes,Yes,Yes,http://www.lavillabanquets.com,(773) 283-7980,54
72,_n3OmwreEGPQmiHKklsD8w,San Soo Gab San,"San Soo Gab San - Lincoln Square - Chicago, IL",684,3.5,"Restaurants, Korean, Seafood","5247 N Western Ave (between Berwyn Ave & Farragut Ave) Chicago, IL 60625 Neighborhood: Lincoln Square",Mon-Sun 10 am - 3 am,Yes,Yes,Private Lot,Casual,Yes,$$,Yes,No,Yes,Yes,No,No,"Late Night, Dinner",Beer & Wine Only,Average,Casual,No,No,Yes,,(773) 334-1589,99
73,28gamO9SwWMHxwB0nP_plQ,La Pasadita,"La Pasadita - Ukrainian Village - Chicago, IL",341,4.0,"Restaurants, Mexican","1132 N Ashland Ave (between Division St & Haddon Ave) Chicago, IL 60622 Neighborhood: Ukrainian Village",Mon-Sun 9 am - 3 am,Yes,Yes,Street,Casual,Yes,$,No,No,Yes,Yes,No,No,"Late Night, Dinner",No,Average,Divey,Yes,No,Yes,http://www.pasadita.com,(773) 384-6537,54
74,n-mj6IJkWyCu4BuD2dvm0A,Ruth's Chris Steak House,"Ruth's Chris Steak House - Near North Side - Chicago, IL",350,4.0,"Restaurants, Steakhouses","431 N Dearborn St Chicago, IL 60654 Neighborhood: Near North Side",Mon 11:30 am - 10 pm Tue-Fri 11:30 am - 11 pm Sat 4:30 pm - 11:30 pm Sun 4 pm - 9:30 pm,No,Yes,Valet,Dressy,Yes,$$$,Yes,No,Yes,Yes,No,No,Dinner,Full Bar,Average,"Romantic, Classy, Intimate",Yes,No,Yes,http://www.ruthschris.com/location…,(312) 321-2725,66
75,tW2jfL-qMccAYZSghPBbHA,The Art of Pizza,"The Art of Pizza - Lakeview - Chicago, IL",658,4.0,"Restaurants, Pizza, Italian","3033 N Ashland Ave (between Barry Ave & Nelson St) Chicago, IL 60657 Neighborhood: Lakeview","Mon-Thu, Sun 11 am - 10 pm Fri-Sat 11 am - 11:30 pm",Yes,Yes,Private Lot,Casual,Yes,$,No,Yes,Yes,No,No,No,Dinner,No,Average,Casual,Yes,No,Yes,http://www.theartofpizzainc.com,(773) 327-5600,99
76,rnjz2KNgsQ2YaC_kjeuuAQ,Kinzie Chop House,"Kinzie Chop House - Near North Side - Chicago, IL",302,4.0,"Restaurants, Steakhouses","400 N Wells St Chicago, IL 60654 Neighborhoods: Near North Side, River North",Mon-Thu 11 am - 10 pm Fri 11 am - 11 pm Sat 4 pm - 11 pm Sun 4 pm - 9 pm,No,Yes,"Garage, Street, Validated",Dressy,Yes,$$$,Yes,Yes,Yes,Yes,Yes,Free,Dinner,Full Bar,Average,Classy,Yes,No,Yes,http://www.kinziechophouse.com,(312) 822-0191,58
77,xjZ9eqYrzMrl2v6_1Kv6hA,Alliance Bakery & Cafe,"Alliance Bakery & Cafe - Wicker Park - Chicago, IL",444,4.0,"Food, Bakeries, Coffee & Tea, Restaurants, Sandwiches","1736 W Division St (between Hermitage Ave & Wood St) Chicago, IL 60622 Neighborhood: Wicker Park",Mon-Sat 6 am - 9 pm Sun 7 am - 9 pm,Yes,Yes,Street,Casual,Yes,$,No,No,Yes,No,Yes,Free,"Dessert, Breakfast",No,Quiet,Hipster,No,Yes,Yes,http://www.alliance-bakery.com/,(773) 278-0366,75
78,2WoMT3wSpp9vxZeTv6u-cw,Las Tablas Colombian Steakhouse,"Las Tablas Colombian Steakhouse - Lakeview - Chicago, IL",442,4.0,"Restaurants, Latin American, Steakhouses","2942 N Lincoln Ave (between Southport Ave & George St) Chicago, IL 60657 Neighborhood: Lakeview",Mon-Thu 5 pm - 10 pm Fri-Sat 11 am - 11 pm Sun 11 am - 9 pm,No,Yes,Street,Casual,Yes,$$,Yes,No,Yes,Yes,No,No,Dinner,Full Bar,Average,Casual,Yes,,Yes,http://www.lastablas.com,(773) 871-2414,52
79,ElCbMJRjgu9LDj4MxOKXew,Big Jones,"Big Jones - Andersonville - Chicago, IL",608,4.0,"Restaurants, Southern, Breakfast & Brunch","5347 N Clark St (between Summerdale Ave & Balmoral Ave) Chicago, IL 60640 Neighborhoods: Andersonville, Edgewater",Mon-Thu 11 am - 9 pm Fri 11 am - 10 pm Sat 9 am - 10 pm Sun 9 am - 9 pm,No,Yes,Street,Casual,Yes,$$,Yes,No,No,Yes,Yes,Free,"Dinner, Brunch",Full Bar,Average,"Classy, Trendy, Casual",No,No,Yes,http://www.bigjoneschicago.com,(773) 275-5725,85
80,ALwH81_sqskLmwfWS-_eeQ,Tank Noodle Restaurant,"Tank Noodle Restaurant - Uptown - Chicago, IL",800,4.0,"Restaurants, Vietnamese","4953 N Broadway (between Argyle St & Ainslie St) Chicago, IL 60640 Neighborhood: Uptown","Mon-Tue, Thu-Sat 8:30 am - 10 pm Sun 8:30 am - 9 pm",Yes,Yes,Street,Casual,Yes,$,Yes,No,Yes,Yes,No,No,"Lunch, Dinner",No,Average,Casual,No,No,Yes,http://www.tank-noodle.com,(773) 878-2253,86
81,juop6_3dLfPDo-un-ZuXrg,Fogo 2 Go,"Fogo 2 Go - Lincoln Park - Chicago, IL",220,4.0,"Restaurants, Pizza, Brazilian, Fast Food","926 W Diversey Ave (between Mildred Ave & Wilton Ave) Chicago, IL 60614 Neighborhood: Lincoln Park",Mon-Thu 11:30 am - 10 pm Fri-Sat 11:30 am - 11 pm Sun 11:30 am - 9 pm,Yes,Yes,Street,Casual,No,$,No,Yes,Yes,No,No,No,"Lunch, Dinner",No,Average,Casual,Yes,Yes,Yes,http://www.Fogo2Go.com,(773) 880-8052,61
82,qqax04alS3UPx0Yp4jJNDQ,Milk & Honey Cafe,"Milk & Honey Cafe - Wicker Park - Chicago, IL",480,3.5,"Restaurants, Breakfast & Brunch","1920 W Division St (between Winchester Ave & Wolcott Ave) Chicago, IL 60622 Neighborhood: Wicker Park",Mon-Fri 7 am - 4 pm Sat 8 am - 5 pm Sun 8 am - 4 pm,No,Yes,Street,Casual,No,$,No,No,Yes,No,Yes,No,Breakfast,Beer & Wine Only,Average,Casual,No,No,Yes,http://www.milkandhoneycafe.com,(773) 395-9434,69
83,1QKqtC4vML3QhkrSzwR_tQ,Wakamono,"Wakamono - Lakeview - Chicago, IL",348,3.5,"Restaurants, Sushi Bars","3317 N Broadway Ave (between Aldine Ave & Buckingham Pl) Chicago, IL 60657 Neighborhood: Lakeview",Mon-Sun 4 pm - 11 pm,No,Yes,Street,Casual,No,$$,No,Yes,Yes,Yes,Yes,No,Dinner,Full Bar,Average,Trendy,No,,Yes,http://www.wakamonosushi.com,(773) 296-6800,60
84,ms5ge1XY9-Alu7HkybAMdQ,Giordano's,"Giordano's - The Loop - Chicago, IL",520,3.5,"Restaurants, Pizza","135 E Lake St (between Stetson Ave & Beaubien Ct) Chicago, IL 60601 Neighborhood: The Loop",,Yes,Yes,Street,Casual,Yes,$$,Yes,Yes,Yes,Yes,No,No,"Lunch, Dinner",Full Bar,Average,Casual,Yes,Yes,Yes,http://www.giordanos.com,(312) 616-1200,51
85,Btjt4D8dJ-yEdsts3Tj5Hg,Anteprima,"Anteprima - Andersonville - Chicago, IL",289,3.5,"Restaurants, Italian","5316 N Clark St (between Berwyn Ave & Summerdale Ave) Chicago, IL 60640 Neighborhoods: Andersonville, Edgewater",Mon-Thu 5:30 pm - 10 pm Fri-Sat 5:30 pm - 11 pm Sun 5 pm - 9:30 pm,No,Yes,Street,Casual,No,$$$,Yes,No,Yes,Yes,Yes,No,Dinner,Full Bar,Loud,"Romantic, Classy",No,No,Yes,http://anteprimachicago.net,(773) 506-9990,55
86,h-CNRJ-bqSZvz75J4A9cFg,Wilde Bar & Restaurant,"Wilde Bar & Restaurant - Lakeview - Chicago, IL",576,3.5,"Nightlife, Bars, Pubs, Restaurants, Irish","3130 N Broadway St (between Briar Pl & Barry Ave) Chicago, IL 60657 Neighborhood: Lakeview",Mon-Fri 11 am - 2 am Sat 10 am - 3 am Sun 10 am - 2 am,No,Yes,Street,Casual,Yes,$$,Yes,No,Yes,Yes,Yes,No,Dinner,Full Bar,Average,Casual,Yes,Yes,Yes,http://www.wildechicago.com,(773) 244-0404,61
87,4wreIFjaPMppyEnzKHbozg,Grand Lux Cafe,"Grand Lux Cafe - Near North Side - Chicago, IL",828,3.5,"Restaurants, American (New), Food, Desserts, American (Traditional)","600 N. Michigan Ave. (between Ohio St & Ontario St) Chicago, IL 60611 Neighborhood: Near North Side",Mon-Thu 11 am - 11:30 pm Fri 11 am - 12:30 am Sat 9 am - 12:30 am Sun 9 am - 11:30 pm,Yes,Yes,"Street, Valet",Casual,Yes,$$,No,No,Yes,Yes,No,No,"Lunch, Dinner",Full Bar,Average,"Touristy, Casual",No,No,Yes,http://www.grandluxcafe.com/,(312) 276-2500,115
88,ptRZlXxngjFj5gghwPNNHA,RJ Grunts,"RJ Grunts - Lincoln Park - Chicago, IL",373,4.0,"Restaurants, American (Traditional), Sandwiches","2056 N Lincoln Park W Chicago, IL 60614 Neighborhood: Lincoln Park",Mon-Fri 11:30 am - 12 am Sat 10 am - 12 am Sun 10 am - 9 pm,Yes,Yes,"Street, Valet",Casual,Yes,$$,Yes,Yes,Yes,Yes,No,Free,"Lunch, Dinner",Full Bar,Average,Casual,Yes,No,Yes,http://www.rjgruntschicago.com,(773) 929-5363,54
89,-pO0hsi0xlF4FwqLGJUizg,Uncommon Ground,"Uncommon Ground - Edgewater - Chicago, IL",417,4.0,"Restaurants, American (New), Breakfast & Brunch","1401 W Devon Ave (between Glenwood Ave & Newgard Ave) Chicago, IL 60660 Neighborhood: Edgewater",Mon-Fri 9 am - 10 pm Sat-Sun 9 am - 12 am,Yes,Yes,"Street, Private Lot",Casual,Yes,$$,Yes,No,Yes,Yes,Yes,Free,"Dinner, Brunch",Full Bar,Average,"Hipster, Casual",Yes,Yes,Yes,http://www.uncommonground.com,(773) 465-9801,57
90,oCTlReyKjJxKPFYfCurxxQ,Lockdown Bar & Grill,"Lockdown Bar & Grill - Humboldt Park - Chicago, IL",393,4.0,"Restaurants, American (New), Burgers","1024 N Western Ave (between Augusta Blvd & Cortez St) Chicago, IL 60622 Neighborhood: Humboldt Park",Mon-Fri 11 am - 2 am Sat 11 am - 3 am Sun 11 am - 12 am,No,Yes,"Street, Private Lot",Casual,Yes,$$,No,,Yes,Yes,Yes,Free,Dinner,Full Bar,Loud,"Hipster, Casual",Yes,No,Yes,http://www.lockdownbar.com,(773) 687-8565,60
91,d6UbRb9W5eA1yL-DuVZ8ug,ZED451,"ZED451 - Near North Side - Chicago, IL",516,4.0,"Restaurants, Steakhouses","739 N Clark St (between Superior St & Chicago Ave) Chicago, IL 60610 Neighborhood: Near North Side","Mon-Thu, Sun 4:30 pm - 10 pm Fri-Sat 4:30 pm - 11 pm Sat-Sun 10 am - 2 pm",No,Yes,Valet,Dressy,Yes,$$$,Yes,No,No,Yes,Yes,No,Dinner,Full Bar,Average,Trendy,Yes,Yes,Yes,http://www.zed451.com,(312) 266-6691,96
92,LMaoM2Ue2BR_HI9ba3JsZg,The Publican,"The Publican - Fulton Market - Chicago, IL",1303,4.0,"Nightlife, Bars, Pubs, Restaurants, American (New), Breakfast & Brunch","837 W Fulton Market Chicago, IL 60607 Neighborhoods: Fulton Market, Near West Side, West Loop",Mon-Thu 3:30 pm - 10:30 pm Fri-Sat 3:30 pm - 11:30 pm Sat-Sun 10 am - 2 pm Sun 5 pm - 10 pm,No,Yes,"Street, Valet",Casual,Yes,$$$,Yes,No,No,Yes,Yes,No,Dinner,Full Bar,Average,Trendy,No,No,Yes,http://thepublicanrestaurant.com,(312) 733-9555,123
93,u_Ze5HkcNXgECvYvKS0HLA,Bin 36,"Bin 36 - Near North Side - Chicago, IL",433,3.5,"Nightlife, Bars, Wine Bars, Restaurants, American (New)","339 N Dearborn St Chicago, IL 60654 Neighborhood: Near North Side",Mon-Wed 6:30 am - 11 pm Thu 6:30 am - 12 am Fri 6:30 am - 1 am Sat 7 am - 1 am Sun 7 am - 10 pm,No,Yes,Valet,Casual,Yes,$$$,Yes,No,Yes,Yes,No,No,Dinner,Full Bar,Average,Trendy,No,No,Yes,http://www.bin36.com,(312) 755-9463,52
94,6gZTET0y7ARZMrbJRmI2mw,The Fifty_50,"The Fifty/50 - Ukrainian Village - Chicago, IL",319,3.5,"Nightlife, Bars, Sports Bars, Restaurants, Burgers","2047 W Division St (between Damen Ave & Hoyne Ave) Chicago, IL 60622 Neighborhood: Ukrainian Village","Mon-Thu 11 am - 2 am Fri, Sun 10 am - 2 am Sat 10 am - 3 am",No,Yes,"Street, Valet",Casual,Yes,$$,Yes,Yes,Yes,Yes,Yes,Free,Dinner,Full Bar,Very Loud,Casual,Yes,Yes,Yes,http://www.thefifty50.com,(773) 489-5050,67
95,RYw_no9ohtCg09aKorVffg,Wishbone,"Wishbone - Lakeview - Chicago, IL",459,3.5,"Restaurants, Southern, Breakfast & Brunch","3300 N Lincoln Ave (between Marshfield Ave & School St) Chicago, IL 60657 Neighborhood: Lakeview",Mon-Tue 7 am - 3 pm Wed-Thu 7 am - 9 pm Fri 7 am - 10 pm Sat 8 am - 10 pm,Yes,Yes,Street,Casual,Yes,$$,Yes,Yes,Yes,Yes,Yes,Free,"Breakfast, Brunch",Full Bar,Average,Casual,No,Yes,Yes,http://www.wishbonechicago.com,(773) 549-2663,51
96,08X_5WTOVNvk4SgPRKBjjQ,Garcia's Restaurant,"Garcia's Restaurant - Lincoln Square - Chicago, IL",617,3.5,"Restaurants, Mexican","4749 N Western Ave (between Leland Ave & Lawrence Ave) Chicago, IL 60625 Neighborhoods: Lincoln Square, Ravenswood",Mon-Thu 10 am - 1 am Fri 10 am - 3 am Sat-Sun 10 am - 4 am,Yes,Yes,Street,Casual,Yes,$$,No,No,Yes,Yes,No,No,Dinner,Full Bar,Loud,Casual,Yes,Yes,Yes,,(773) 769-5600,106
97,ibreTMGGaQSanZttUchjKg,The Original Gino's East of Chicago,"The Original Gino's East of Chicago - Near North Side - Chicago, IL",701,3.5,"Restaurants, Pizza","162 E Superior St (between Michigan Ave & St Clair St) Chicago, IL 60611 Neighborhoods: Near North Side, River East",Mon-Thu 11 am - 10 pm Fri-Sat 11 am - 11 pm Sun 12 pm - 10 pm,Yes,Yes,"Garage, Valet",Casual,Yes,$$,No,Yes,Yes,Yes,Yes,No,Dinner,Full Bar,Average,"Touristy, Casual",Yes,No,Yes,http://www.ginoseast.com,(312) 266-3337,82
98,1iehp7Z2kejBq3RSeb4Dxg,Brazzaz,"Brazzaz - Near North Side - Chicago, IL",414,3.5,"Restaurants, Steakhouses, Brazilian","539 N Dearborn St Chicago, IL 60654 Neighborhood: Near North Side",Mon-Thu 5 pm - 10 pm Fri 11 am - 2 pm Fri 5 pm - 10:30 pm Sat 4 pm - 10:30 pm Sun 1 pm - 9:30 pm,No,Yes,"Street, Valet",Casual,Yes,$$$,Yes,No,No,Yes,No,No,Dinner,Full Bar,Average,Classy,No,No,Yes,http://www.brazzaz.com,(312) 595-9000,80
99,mCHto10PBQOKnefm7gholg,90 Miles Cuban Café_1,"90 Miles Cuban Café - Logan Square - Chicago, IL",565,4.0,"Restaurants, Cuban, Sandwiches","2540 W Armitage Ave (between Stave St & Bingham St) Chicago, IL 60647 Neighborhood: Logan Square",Mon-Thu 10 am - 10 pm Fri-Sat 10 am - 11 pm Sun 10 am - 9 pm,Yes,Yes,Street,Casual,Yes,$$,Yes,Yes,Yes,Yes,Yes,No,Dinner,No,Average,Casual,Yes,Yes,Yes,http://www.90milescubancafe.com,(773) 227-2822,79
102575,iBA2L7fbTJi2PcrjDaOfoQ,Sammy's Kitchen,"Sammy's Kitchen - Garfield Ridge - Chicago, IL",12,5.0,"Restaurants, Diners, METADATA","5542 W 55th St (between Linder Ave & Luna Ave) Chicago, IL 60638 Neighborhood: Garfield Ridge",,Yes,No,Private Lot,Casual,No,$,No,No,Yes,Yes,No,No,Breakfast,No,Quiet,Divey,Yes,No,,,(773) 735-2802,3
