,reviewerID,name,location,yelpJoinDate,friendCount,reviewCount,firstCount,usefulCount,coolCount,funnyCount,complimentCount,tipCount,fanCount
4,kW2dk1CWihmh3g7k9N2G8A,Shradha Vegetarianista A.,"Chicago, IL",July 2007,333,1209,61,1650,679,417,283,22,70
72,XFR4tfX0LFE079es_FlQzA,Lu H.,"Chicago, IL",July 2009,5,89,0,92,21,21,3,6,4
94,vv_YFEMLBVwFkxuFj0nISg,Scott Spitting out the future retrospect S.,"Leesburg, VA",November 2008,42,49,5,55,36,47,33,0,2
100,J5tJo-hoZtG6FNvllUDaJA,Carrie-C N.,"San Jose, CA",January 2008,34,258,1,144,67,51,11,0,3
108,_YH6rJGxcxc9nDY_-O2oiQ,Coleman B.,"Chicago, IL",July 2012,10,26,0,10,3,8,0,0,0
112,ir689oBNmrJXOspb4yq_Jg,Kim Threat Level Midnight K.,"Somerville, MA",January 2008,161,1238,104,988,493,256,145,18,30
145,89yr7wNIk8TE03yKfTRLuQ,Lindley E.,"Chicago, IL",October 2006,313,851,97,3042,2118,1814,1222,5,78
168,_qRV6YI3wm6hF0SF-2z8ng,Derrick T.,"Woodridge, IL",May 2008,67,227,9,370,161,110,141,26,12
171,m4yMNcpfHLAgvJJiXmBKDw,Helen Melon S.,"Washington, DC",September 2011,82,292,1,324,183,194,63,2,12
173,QLGrFmUwWFDbaJ3NQED0Qg,Thomas D.,"Irvine, CA",September 2009,81,233,1,225,127,53,68,0,6
201,ARXswZQ4aDfhPnMYSbzcSw,JR apple bottoms W.,"Chicago, IL",December 2008,19,264,29,252,90,83,44,0,4
230,sZxXpvmBUN2fSCtK_BZFoQ,Dane K.,"Chicago, IL",September 2006,295,845,143,2499,1451,1151,1377,2,55
242,OzdqM7BbvL27AnrTZ27g-w,Aurore French connection L.,"Chicago, IL",March 2008,430,658,40,4941,4481,4202,5403,100,81
336,L4CXCKMj2NDsr8fd2_XmkA,Misse You have one chance to impress me D.,"Chicago, IL",May 2006,178,580,65,971,401,260,164,0,27
371,VdTeE7P9AP-fj3ExmRhoEg,Sarah Blondie Z.,"Chicago, IL",September 2007,62,283,9,436,180,172,71,0,14
375,YFyn3Vq4PEP-GlC4MRsJNw,Kris L.,"Chicago, IL",August 2010,45,129,7,111,43,33,29,97,2
392,Lta4gndbbE4QKWbMn6Fmvw,Jiyoun jiji B.,"Chicago, IL",March 2010,7,99,2,100,25,34,13,31,7
396,kMD0WKlZFyCGn1t9R0GphA,Lauren LC C.,"Chicago, IL",November 2010,11,22,0,24,8,8,2,0,0
421,EeAqCDa8r-LFs2lYlgVQbA,Lucas El Tigre K.,"Seattle, WA",October 2010,24,21,0,28,8,18,1,0,0
423,ign-wXfFvXhgqYVTbxV3aA,Mehran i eat because i'm curious F.,"Chicago, IL",May 2007,148,114,9,194,107,95,130,0,9
426,Jrm34VNH85jMCtFevsSz6Q,Sue T.,"Naperville, IL",July 2008,15,130,27,78,15,19,12,4,2
427,frElgxnlsquzPA_UqFcCqA,Johnny R.,"Chicago, IL",April 2009,22,134,7,137,81,76,52,0,4
431,SrYQQ--e5LWbF5uAnPqbKw,S S.,"New York, NY",December 2009,2,46,2,59,16,34,2,0,3
432,0jcvdm56uvqE6OIqECegrQ,tr y.,"Chicago, IL",June 2009,80,155,10,214,99,133,27,0,5
475,DAE3Wofsr7w75ME9-jripw,Inna B.,"Chicago, IL",February 2008,11,68,1,51,10,25,7,1,3
481,5460EPo4tmHgV0P4_4bU7A,Andrew T.,"Chicago, IL",October 2010,37,23,0,8,1,1,1,0,1
493,A_6gdLke4noWZYSkmAZMsw,EV G.,"Chicago, IL",January 2008,5,58,1,72,20,16,9,0,0
495,8Z2LMmmicFC4DHOzFzVhIQ,Angela ChiAngie Z.,"Chicago, IL",December 2008,52,92,3,63,17,7,12,11,1
532,ic-w_tW3Kf2TZBKVBrctgw,Lim K.,"Urbandale, IA",November 2010,0,51,1,13,4,1,1,0,0
537,9tqN4bPGcjbViMCVm3qRwg,Josh B.,"Brooklyn, NY",October 2010,4,15,0,6,3,2,2,4,0
543,lDFHm9KO9qj3WlL8IH4Epw,Ceal P.,"Chicago, IL",February 2009,37,105,2,66,27,16,11,0,4
544,ahqGqdKc9Pn4dofAyxk-1g,Ben The Professor B.,"Lake Mary, FL",December 2008,23,169,10,124,62,52,32,1,8
569,Ljmc6NKau1e51c3kUwI4Lw,Katrina Kat S.,"Chicago, IL",December 2009,37,70,0,58,32,31,14,0,2
594,1B1ykKvGRpCMGtpzISkPMg,Jeff S.,"Chicago, IL",December 2006,5,28,1,36,20,9,7,0,1
667,IOIWtm13gnn5ar9IMOdL0Q,Thomas R.,"Chicago, IL",May 2008,0,80,4,42,9,21,4,0,0
695,e5tmvf1Lmo8skxtI7jSIyg,Dan M.,"Chicago, IL",July 2010,42,12,0,5,5,0,2,0,0
697,s6Co7kYTZCrJQPuuX8enBA,Scott D.,"Belmont, MI",August 2009,1,2,0,0,0,0,1,0,0
698,-U3o87ZrOBKDC4gKU12tGg,Candyce The Enabler P.,"Chicago, IL",September 2008,125,170,7,204,77,58,49,0,11
720,pQBzOro2WU9JjOBWmAtaQw,Lindsee mahna mahna R.,"Chicago, IL",March 2009,47,117,0,129,57,101,28,0,5
733,_2gssQkH_2VSgGREKdPxJQ,Emma L.,"Chicago, IL",April 2011,0,2,0,0,0,0,0,0,0
736,P1NI5QCqsFskRjucA3FNSg,Brad G.,"Scottsdale, AZ",May 2009,8,11,0,15,5,5,5,0,0
751,QFBkUD0LUOL8DiM_7IDvRQ,Ruth G.,"Chicago, IL",September 2008,10,36,0,3,1,2,2,0,1
799,VP7MygugFl4gduIATDyJzA,Katie G.,"Chicago, IL",April 2009,2,58,4,37,5,6,3,0,0
801,urj4QhiZkhoUA5mnENvubg,Candace Sherlockian D.,"Chicago, IL",August 2009,6,79,15,30,10,12,1,0,0
811,2wEk4aupLBXiNX1TK8TeFg,L L.,"Chicago, IL",August 2008,2,59,0,23,11,18,2,0,0
865,smfNzGHWjfT-3KXOpvo7ag,Katie M.,"Chicago, IL",July 2008,1,39,0,12,6,4,0,0,0
917,wDiM8hHdbXPY47Me32XVqQ,Juliana Snaps R.,"Chicago, IL",October 2010,35,223,13,117,37,28,20,54,2
955,FHfjAReTovbu0chLv-WGrQ,Allison Short Round M.,"Mountain View, CA",June 2011,96,444,36,359,227,246,154,79,8
957,bpf34V4QGtJjumrVPvhK8A,Michael Rhyno R.,"Chicago, IL",July 2010,21,121,4,131,41,33,8,33,2
1034,103a-2Z-BMl-PK5OHoLUBQ,Allison A.,"Chicago, IL",April 2011,20,17,0,17,3,3,0,0,0
1039,v0i50NSEIuWZpUpzy9bkFQ,"Brandie Ronin, but  I hope you Dance  T.","Chicago, IL",October 2007,29,150,17,716,482,387,440,0,12
1042,ETpvceVRtVLjhDEgugFieg,"Nick Less talking, more FUCing people M.","Chicago, IL",September 2006,287,794,76,4500,3972,3789,6985,4,62
1047,LZSlFD8e0-cyM6Gh7F2qXw,Kelly A.,"Chicago, IL",September 2008,25,96,2,124,78,13,8,0,0
1127,k2T6LCHjzD0hzMu8Lu6_Dw,Benjamin The Biscuit T.,"Chicago, IL",May 2010,0,13,0,16,8,14,1,0,0
1149,bmiAy-CdzxWPi3Yr_fljHw,Lizz K.,"Queens, NY",February 2010,293,264,9,2125,1899,1422,4344,34,56
1153,z96eQlEDrQVvxtKyymwTLg,Ermelinda Smiley C.,"Chicago, IL",April 2010,14,388,10,213,176,89,45,0,4
1166,GoWRHMIoJ_0anXEJsyKtxg,Lisa why is my glass empty L.,"Chicago, IL",July 2007,27,115,10,151,93,91,71,0,1
1200,9LWMPQI6x-yBUH7NIruIiw,Yara M.,"Chicago, IL",September 2009,25,14,1,5,2,1,1,0,0
1213,uARgL6GaLmh1fO5iGWDAEw,Demetrio P.,"Chicago, IL",June 2008,28,249,8,119,50,29,39,14,3
1236,2oeZGHwBrcN6_4gdos7d0g,Marie B.,"Chicago, IL",March 2008,17,104,0,34,14,7,5,3,0
1243,X6PZiFaqe6HTm2yVSbW_pQ,Kristi The New Mrs. Tanner!! H.,"Chicago, IL",August 2009,95,99,9,193,96,83,39,1,7
1247,DKMpCblFCdILcym7l7vvxg,Sonali Sugar Chickee K.,"Chicago, IL",July 2010,21,103,1,72,28,9,20,9,5
1266,-dHGCQcq6QYaG63AwJafjA,Kaitlin M.,"Chicago, IL",May 2010,49,193,1,121,31,53,32,37,6
1280,QL3teetvs5_LXFdFl-L0sQ,Esfand N.,"Chicago, IL",November 2009,3,5,0,5,0,1,0,0,0
1292,P_pk7ld02y4Cf7S-DOwIzw,Sandra Gardenia T.,"Chicago, IL",January 2010,99,178,12,435,391,249,344,233,6
1302,q5KUiBkq_zHdr-AAQH9TuQ,Jeff V.,"Omaha, NE",August 2010,5,27,0,6,1,1,1,0,0
1303,93K780BHISH5Js0a7GGTpA,K KiCkZ C.,"Chicago, IL",December 2009,13,18,0,35,28,5,6,0,1
1351,wiUTLIYjMa4R3xlc4f-29g,Kelli Just Sloopin' B.,"Chicago, IL",November 2006,56,228,12,245,162,134,82,15,4
1362,Upm_bCPQMo4XsK7kKBUmxg,Michelle L.,"Chicago, IL",January 2010,16,65,0,52,24,12,6,0,1
1379,nOs7s96Vmz9Emn7IIsLTeg,Kori E.,"Chicago, IL",April 2007,48,252,3,215,76,45,33,0,6
1406,7clk7hJlh9U5Kkwq7IGLEw,a w.,"Chicago, IL",July 2005,25,1220,812,910,360,195,24,0,8
1416,SDURW9xVesI7-Yl9naeEog,Nancy H.,"Chicago, IL",December 2006,50,450,19,894,494,323,315,0,25
1417,aO80U8bsnvNIZbz_EjwDnA,Tiffany A.,"Chicago, IL",March 2008,9,17,0,16,5,5,1,0,0
1420,VyRICVwE3VfGynw5ly2oBA,Jennifer The Yelpinator Q.,"Chicago, IL",July 2008,128,667,134,895,662,541,159,14,12
1444,NGx5ldioX0x45ZlbU5d_lg,Ben O.,"Chicago, IL",February 2010,30,78,1,80,59,214,30,0,3
1486,YpL_k2GqiH2ba28MoJ4PYA,Eddie O.,"Chicago, IL",April 2006,3,50,0,63,9,1,8,0,0
1581,bBfFWhPxKT9zVP1nbwZabw,Kristina D.,"Chicago, IL",December 2007,4,41,2,65,11,19,5,0,0
1585,G8a3N89M94gK1mhKxOi11g,andrea s.,"Chicago, IL",April 2007,0,20,0,4,2,0,0,0,0
1594,rrbYj4aUXxVezTqaE6lUkA,WEEZY M.,"Chicago, IL",February 2009,0,8,1,4,1,0,4,1,0
1606,TnPIPgggFT5zRlkGsWBUUw,Brit T.,"Chicago, IL",June 2009,1,43,0,12,3,1,1,0,0
1771,FqHNMGc_-BgX4svll0SwLg,Rose ShinyHappyRosy D.,"Elgin, IL",June 2009,90,164,8,333,188,147,360,33,9
1772,ZRjOhSGFRBq3mR59FDCTbA,Kristine P.,"Addison, IL",September 2011,15,3,0,0,0,0,1,7,0
1843,vJ-WvNDas79lT6VJC2cQxQ,Anne C.,"Chicago, IL",January 2009,21,183,6,119,33,27,7,0,5
1897,iz-2dc1L2eB567Cck0lKZQ,Kerri A.,"Chicago, IL",December 2007,41,24,0,23,10,7,2,0,0
1907,TZOnNuNnpABDLNStsw8FhA,Derek S.,"Chicago, IL",April 2012,0,1,0,0,0,0,0,0,0
1911,edWTFOzip6DF1mgmGu6TTg,Jacques M.,"Chicago, IL",January 2010,21,136,5,101,52,59,26,0,1
1938,C5JKTHgaLIC2jbY7rRaR-Q,Nick M.,"Chicago, IL",September 2009,3,29,2,7,4,1,0,0,0
1942,2fpsA44c7OBspeTK535hTw,k. m.,"Chicago, IL",June 2008,2,37,0,11,2,1,2,0,0
1999,f78YVYC2MAVkqx-9RtV96g,Lohanna H.,"Chicago, IL",May 2011,0,6,0,3,0,0,0,0,0
2002,Q_fF04Uu5eAo0D-b3FqaYQ,Judy itsjudes L.,"Glenview, IL",June 2009,22,155,4,115,53,36,20,0,3
2019,iJALEvsls-vbOjVXpHjPqw,Patti B.,"Evanston, IL",April 2007,21,84,3,74,43,15,38,0,1
2027,0XwEqX7IPU1uWYeel9L69Q,Brandi S.,"Templeton, CA",April 2007,59,64,2,69,27,18,7,0,4
2033,nI63GsmmFKxBGgVUBw8c5A,Tim The Condiment King of Chicago J.,"Chicago, IL",January 2009,2,12,0,11,5,2,1,0,0
2037,knQNIhFTED9V6QKtcX-vfA,Kazi V.,"Chicago, IL",October 2009,0,4,0,3,2,1,0,0,0
2063,MEvIFUnUtQbythmc_mE3Aw,Cyndi with an i G.,"San Francisco, CA",August 2009,117,83,0,66,28,15,15,20,1
2086,ivlqPjxpAqQ7W2AFNyZhdw,erica ELF f.,"Chicago, IL",November 2008,4,14,1,14,3,9,0,0,1
2100,bfD3nS5PqVwykoqNibzlTg,Adam R.,"Chicago, IL",July 2010,1,29,1,45,8,7,1,2,1
2204,gm8s369GjvqHzLUw4VNVYA,Frank The Thinker N.,"Chicago, IL",July 2010,0,7,0,6,1,0,0,0,0
2211,Igvgszlbl6Et6H4tQSbjwA,G Little Hitler M.,"Louisville, KY",May 2012,0,28,6,10,3,5,0,0,0
2256,YYgDMsq5XGwHjeyeyNN_7Q,Scott W.,"Chicago, IL",December 2006,5,22,4,37,13,4,6,0,2
2308,R_ziWBRNb7SjuMBzZIcIsw,Kristine M.,"Centreville, VA",May 2009,10,63,3,43,11,9,1,0,1
2310,4rllndtbWasmhbKpa6YLww,Sasha R.,"Chicago, IL",August 2008,73,152,6,428,279,293,147,0,14
2354,HFj6tAGbKUtfnBVt9GFXoQ,Nina B.,"Arlington, VA",February 2009,0,7,0,2,3,1,1,0,0
2370,eBWor6S8e2DFZ6iFFi1hAw,Shail G.,"Washtenaw, MI",August 2009,0,11,0,7,0,0,1,1,0
2384,BitdrPsmX1SJtNHFpWuj5w,Amanda D.,"Madison, WI",July 2007,23,133,26,190,76,49,26,0,3
2539,7Uc8tiz_j9LAEZCQWV8TgQ,Tianiee S.,"Hollywood, FL",January 2010,51,227,38,284,78,91,59,14,9
2547,JIUl9STS4PhV8EdiKmUUUg,Cindy C.,"La Jolla, CA",July 2012,24,4,0,2,1,0,0,0,0
2655,lUAEesLvvNUAYqqkxLFpgQ,Vina O.,"Chicago, IL",February 2011,99,201,7,79,31,21,20,127,0
2665,aYAfJgD_RqCqKcASPG6M9Q,Lindsay B.,"Chicago, IL",August 2008,12,48,6,85,82,93,15,0,1
2753,EJY2WrcwSjY-qjfD9VOrHA,k E.,"Chicago, IL",April 2009,2,91,6,39,7,9,0,0,0
2807,cP_qhrpYHBbwJFkQjXwffQ,Ritesh P.,"Chicago, IL",February 2011,8,3,2,2,1,0,0,1,0
2821,UVzMpDTuzi15UGawuAqmGA,Chuck Fly Boy T.,"Valparaiso, IN",November 2010,4,14,1,2,2,1,0,0,0
2895,ckVfHyf9zS-kkegoxCsAsw,Stephanie D.,"Chicago, IL",November 2007,4,22,1,39,14,15,2,0,1
2904,WAccH5eDw4PqXSud7Q50yQ,Te D.,"Chicago, IL",November 2010,3,64,6,78,33,86,2,0,3
2920,jWTuaAaXhnRlOUuwZ_80Pw,Anjee J.,"Chicago, IL",July 2008,36,93,1,184,93,157,43,8,9
2921,6fPpVAi8Set2FQ-pgEeG0w,michaelia f.,"Chicago, IL",February 2009,106,83,1,364,293,272,123,0,6
2935,R26UWcloAPxT67VOp_ejpQ,Reid Gruppchef G.,"Chicago, IL",January 2010,8,53,8,51,40,44,9,53,0
2970,6GnXS__T-7tAbB-C1-byeg,Tida M.,"Chicago, IL",July 2011,3,5,0,1,0,0,0,0,0
3060,2aQxVkAV0ON0Fwvbslorwg,dan l.,"Chicago, IL",October 2009,14,74,2,43,21,21,4,0,0
3065,uEinR9q2t_aOe5lxXeAXSA,Pete M.,"Huntington Beach, CA",March 2011,0,22,2,2,0,2,0,1,0
3076,ZxCXhyVB7V4eXBqRSQYhDQ,Patty S.,"Downers Grove, IL",July 2010,130,214,25,309,197,138,182,9,7
3106,U-g8HQfHWMyIp1r3_KwrTA,Cecilia O.,"Chicago, IL",January 2010,0,3,0,0,0,0,0,0,0
3116,0SSt8_hmzR00xbyvQCSj5Q,Diana superdi N.,NY,February 2007,75,646,17,467,272,70,63,0,13
3121,3jX6-TtDnHZ02a5gYsEHsQ,Monica C.,"Edison, NJ",March 2009,3,29,0,21,7,8,2,2,1
3130,jOBIRVWCWZfkUqLlb9ilNg,jay gordon heavyfoot w.,"Chicago, IL",December 2007,11,57,5,47,29,25,10,0,0
3140,V96rEJqh8EexsNs_CcKo6g,Mary O No I Didn't B.,"Grand Rapids, MI",July 2008,15,68,9,87,40,37,16,0,0
3172,f5C4-Md-632zE0eiUsfQXA,Dawn L.,"Chicago, IL",October 2007,51,85,1,158,85,30,30,0,6
3201,6XFSZMu2o4Sp2zoyc4YPeg,A. T.,"Palatine, IL",July 2007,3,19,0,9,8,2,4,0,0
3306,HNdq0IRk_iJz2nuBWrc81Q,Louise Weezball S.,"Schaumburg, IL",February 2006,6,17,7,25,7,12,4,0,3
3385,suHdEetIOy16eP1BmhqKXQ,Jordan ShakenCandy B.,"Chicago, IL",November 2007,66,109,4,142,113,81,70,0,12
3422,CHPnwzBghMzo3dauLqzmYQ,Michael C.,"Chicago, IL",January 2009,5,28,3,42,14,17,3,0,0
3449,Fgqi7v3AzUb1XmjNDjWd8g,Kenneth Kenn C.,"Happy Valley, OR",October 2008,8,24,3,14,6,6,1,1,0
3472,yOWkp40NHwXODpHf-8T2IA,Jason P.,"Skokie, IL",October 2009,1,2,0,1,0,0,0,0,0
3477,iGKH9qzcqu9_co4epKeoyA,Becky S.,"Chicago, IL",May 2008,5,120,2,88,33,23,19,1,2
3576,lHbrmo1P02iqhEVJptRfPg,Gina G.,"Chicago, IL",June 2006,4,20,4,30,12,2,4,0,0
3597,4Oua7O_IsDvhWxa25wk_WA,Jason W.,"Saint Louis, MO",March 2011,1,1,0,0,0,0,0,0,0
3614,wdycvCQCIJGQkcs0_jVxxg,Ali C.,"Chicago, IL",June 2011,1,18,1,6,4,3,0,0,0
3669,0Imi6Oo5r5hFOEqyGcS8hw,partha a.,"Rochester, NY",July 2011,9,9,0,3,0,0,0,5,1
3702,XvszsC5leI1_bJnKN1ZuIg,Chris K.,"Washington, DC",March 2012,0,1,0,4,1,1,0,0,0
3721,lxLvaKzRcN-7gtxyywgRbA,Hina Cookie Monster Q.,"Chicago, IL",January 2012,42,257,31,106,29,24,11,40,4
3796,0T2JPCikLwSq5d7gWP21Pg,Dee H.,"Chicago, IL",June 2008,0,18,0,16,5,4,0,0,0
3883,tDoxvkfbddfibqeY2SR-GA,Natalie boing boing R.,"Chicago, IL",December 2006,185,161,39,499,378,451,651,15,16
3904,zHvS1F_6wOPSLUk6vpDEGA,Taylor Honey Bee M.,"Long Grove, IL",June 2010,165,502,34,778,494,377,295,117,16
3922,tIKh0RVvws18czbTQ_48kw,Emily P.,"Chicago, IL",January 2009,6,21,0,27,11,7,2,0,0
4108,vmfGu5JBBpL2ngeqtcj9qw,Kerry K.,"Chicago, IL",August 2010,1,6,0,6,0,1,0,1,0
4138,WPPJPnX8KUghZqMdvNwPSw,Kelly kelsey W.,"Mokena, IL",February 2008,47,186,24,218,124,105,48,0,10
4162,W8O0HIIMY_PTxD8lIk5sDA,kristin t.,"Chicago, IL",June 2009,0,17,0,7,2,0,1,0,0
4177,kaG2Va1ee7YyRy-TB9Lulg,Beth P.,"Chicago, IL",January 2008,117,201,3,705,569,618,394,0,14
4217,6UkBaNfSwL0kDyopx7agUg,Kymberly southie J.,"Oak Park, IL",February 2008,78,407,23,366,146,108,49,17,5
4246,4VqpM7-1PQoev4u0cDiUdQ,Mike Big-Mike G.,"Chicago, IL",November 2009,5,22,2,20,4,4,2,4,2
4320,lTRdr5P664kWt4woydLbuQ,Scott N.,"Chicago, IL",November 2009,5,42,0,5,2,1,1,0,1
4357,CnqaxafcHZo8VyRwZahg5A,Meghan S.,"Chicago, IL",March 2006,8,48,8,54,19,6,11,0,1
4359,dt1n3wmyGvXiLIGav61teg,Stephanie The Influence H.,"Chicago, IL",April 2008,87,168,6,564,389,302,326,1,8
4371,qNgmvqt7zuLt1g9o-TFSdg,"Anne I like to bike, but I'm not a hipster S.","Chicago, IL",April 2008,237,382,20,716,454,272,333,3,16
4372,ZnZEjrNzJYHaBeBVjE_MHA,JIm L.,"Park Ridge, IL",November 2011,0,10,1,2,1,2,0,0,0
4395,SZhFfOKaaL4liirkdMdObQ,Lisa P.,"Chicago, IL",July 2008,2,23,0,9,2,1,1,0,0
4396,xr-bzh3URQxl7PTznT3W1Q,Robin B.,"Portland, OR",August 2008,4,40,0,37,17,12,1,0,1
4402,fu4gm0zFBxWS5Q_JfrcRUA,Yadira Yari D.,"Chicago, IL",January 2009,1,38,4,16,3,4,1,0,0
4419,te-2N9AX8OaycfYCURFExA,Sarah T.,"Chicago, IL",March 2009,8,30,2,21,11,1,6,0,2
4438,MIxRruPJlSCNLmjKI8bLRw,Michaela N.,"Chicago, IL",June 2010,9,12,0,12,1,2,2,0,2
4463,_fMpOqPqlfkvDzYrM112lA,Emily C.,"Fremont, CA",November 2009,14,35,1,38,21,8,6,0,5
4479,iagZ0VsgB8KROQHxMJa3PA,Rachel H.,"Boulder, CO",April 2009,6,22,2,18,3,2,1,0,1
4495,MayNO9rO_D0wL-G51mcVPA,lori m.,"Chicago, IL",July 2008,1,65,1,36,11,11,2,0,1
4548,Q6mk-8KuPIdXyAvdQ6LNzQ,Isa veggie B.,"Chicago, IL",February 2007,74,110,7,97,42,26,33,2,0
4563,0omPd8_8w_vnMU3zAwgTbA,Liz N.,"Chicago, IL",December 2010,0,24,1,4,4,2,1,0,0
4596,BqUIQ1vvd-V89IZornhb7g,Bill BZLincolnPark Z.,"Chicago, IL",November 2009,0,16,0,4,3,4,0,0,0
4727,lJSsC_FshZE8h8_FAXoWhw,Linda M.,"Chicago, IL",September 2008,14,54,2,20,13,12,5,5,0
4743,TvUPvw879ANrRWY6RIdv-Q,Patrick K.,"Chicago, IL",September 2011,0,25,0,5,1,1,0,0,0
4807,i_fI-oMFET9AlSQDYJas-g,Josh B.,"Chicago, IL",April 2009,1,10,0,6,2,1,0,0,0
4811,fe4PExdCuYtTDgTfUPS8lQ,Jona Semi-Anonymous Low Income Royalty W.,"Chicago, IL",March 2008,32,44,1,260,190,554,40,1,31
4876,srsNCnZHgQULEiHY7cnWmw,Joel Insert Joke Nickname C.,"Oak Park, IL",January 2007,4,20,0,43,20,11,2,0,2
4920,BPZ-YBLdC2SY9fi8JgVX7g,Matt W.,"Chicago, IL",October 2008,77,75,4,47,17,22,18,6,0
4965,3waYgfBN1rctYRc7eVDYYg,Matt A.,"Portland, OR",August 2009,23,16,1,9,4,8,1,0,1
4970,QDg9npgY788PqF0GSUoyNg,Lynn S.,"Chicago, IL",February 2008,5,14,0,10,7,5,0,0,0
5029,Yn7aOCcqme-0oDT4sZ3xRA,Mike F.,"Chicago, IL",July 2008,1,24,0,17,13,11,1,0,0
5050,YeaQE--g8XQ2J8CxhCRZ3Q,Amy a-mizzle G.,"Chicago, IL",May 2007,4,10,0,6,6,2,5,0,0
5052,SXlgPpu1tp5hA4gSNFooRQ,Katie Dallas B.,"Chicago, IL",May 2008,3,29,0,18,19,23,3,0,1
5055,83oDgr3hUC9BfYiAnEG5og,Timothy D.,"Chicago, IL",March 2009,1,19,0,10,5,5,1,0,0
5102,yadqF8nRHYBvdZi6zJ7bfA,A D.,"Chicago, IL",February 2012,0,6,0,1,1,0,0,0,1
5127,bLmwHcFCRRW5pwrfTzOkwg,Daniel C.,"Chicago, IL",April 2010,54,123,6,84,22,25,24,741,4
5166,7_-hrsiWwj51sWfiudq77g,ericmonster y.,"Chicago, IL",September 2006,1,6,1,13,2,4,1,0,0
5175,nYYnZuLWrdNvLldsXlUuYg,Darlene R.,"Chicago, IL",December 2007,14,73,4,84,47,30,26,0,2
5240,8zC8ywVgpBzbNutVkoWzoA,Chris k K.,"Chicago, IL",January 2010,0,9,0,3,1,1,1,0,0
5246,H-wUqq_-JYIimJXt6hkUww,sandy squirt j.,"Victor, ID",September 2007,22,61,2,45,34,39,13,0,1
5251,sdxmWYxsG5UvlfaT1BeAgQ,Katie C.,"Chicago, IL",February 2008,0,16,0,5,2,1,1,0,0
5308,y1PxpfifiQQEG0q0Ak9pfA,Alexis P.,"Chicago, IL",March 2009,22,71,1,52,27,11,11,0,3
5330,L3_sdfLnP8kFnsnrTRJSdg,Scottie S.,"Chicago, IL",February 2010,22,85,3,60,55,71,23,8,1
5340,TH80R3OpZdIPRJ2Vt1EU1Q,Rainier Snowyear R.,"Chicago, IL",October 2009,115,23,0,14,6,2,2,27,0
5360,B9bSf8lrtVWwSF8jKbtzrA,Stephanie C.,"Chicago, IL",July 2009,10,20,0,7,5,2,2,0,0
5362,fHn6tihVkU1dEqZ5ZNpniQ,Loralys M.,"Logan Square, Chicago, IL",August 2007,13,34,0,33,14,18,6,0,0
5383,tfbypIDrweda7QLrvvScAw,Becky C.,"Chicago, IL",January 2009,0,21,0,4,2,1,0,0,0
5411,k5ncWbjrM11_EjGPdU1s_Q,Katrina Katgirl H.,"Chicago, IL",July 2007,50,284,28,317,82,130,48,103,6
5444,RueTNs6Tn2Lybconf_gH0A,Catherine the how can I yelp you? H.,"Chicago, IL",November 2009,28,37,3,24,12,9,2,0,1
5481,05EYTXPMo2G_L02Dv-pCog,Charlotte The Gun S.,"Chicago, IL",October 2011,0,19,0,3,3,2,3,0,0
5507,lyf2GRlfH5dDU5M7fDtHZQ,Shannon S.,"Carson, CA",October 2009,17,147,14,113,58,62,17,110,2
5510,VK5rKYuHQWKHKVod7I4gqQ,Jesse Jess L.,"Chicago, IL",July 2010,31,19,1,9,4,4,2,1,0
5519,er_iK7jwTO5bw4EYDIaXyA,Ruma T.,"Chicago, IL",February 2008,4,16,0,7,5,1,4,0,0
5543,VHMJDk1SGw_gZ9Yx7DCJQw,Jen Pro Dog Trainer N.,"Chicago, IL",April 2008,65,198,8,459,254,239,64,0,9
5558,6_ei5996DUbISOfvp8LgyQ,Tyler String Bean B.,"Charlottesville, VA",June 2008,26,128,4,142,125,105,40,0,3
5699,kEYZ7yrft6whpOjAOLrOGA,John K.,"Chicago, IL",August 2008,4,84,9,77,33,94,0,0,0
5707,q93BvYeN3aDzSUNEWt3MgA,C ChiTown Take 2 M.,"Chicago, IL",January 2010,0,10,2,8,3,0,0,0,0
5729,rQkml9CWX8rVwpkOFnrU_A,"Scott Okay, I'll Have One More J.","Eden Prairie, MN",October 2006,56,287,73,449,319,106,142,40,11
5744,jjM8Hqwqj29KUtMXH__2QQ,Jennifer jchong C.,"Long Beach, CA",March 2009,113,247,2,114,59,24,29,25,3
5809,cVb5_tVwrA8bFB1MUGUpzQ,Becky C.,"Chicago, IL",May 2010,0,10,0,2,1,0,0,0,0
5825,r9jimo2ApyIQNMhQKvMkHA,becki s.,"Chicago, IL",July 2007,79,143,9,380,328,254,195,0,9
5872,WZq0FC-0HS6_R4pKUy_3Ig,Brian L.,"North Aurora, IL",October 2007,23,225,58,218,71,50,42,0,7
5873,Bx_SwiIDkmqg40Fm6a3xaQ,Irena G.,"Chicago, IL",February 2010,3,10,0,1,1,0,0,0,0
5988,f4d-dzblpmtjvtfxJ7WArA,A L.,"Omaha, NE",September 2009,11,114,13,146,50,43,15,0,1
5994,IjmAMsmTp-iu-8yweERS7Q,Michael K.,"Chicago, IL",November 2008,1,11,0,25,0,4,0,0,0
6041,ebC_pH92K4uxyDenoXb5bg,Val B.,"Minneapolis, MN",August 2007,96,344,31,631,285,357,152,8,15
6048,dh5ZO7NgZiYSZXmV4Y7rJA,Philip D.,"Chicago, IL",May 2009,36,11,0,1,0,1,0,3,0
6060,4SJS_m-JXc0oASx6x5Mjkw,Min Mintykins T.,"Los Angeles, CA",February 2007,454,2162,179,9582,8379,6461,10750,0,214
6067,oPbH2zSPf_ogFmWUO8ZY4g,Casey C.,"Chicago, IL",April 2009,0,11,1,9,0,0,0,0,0
6077,BBkEje8oCUmJTQSkLawVxA,pip b.,"Chicago, IL",January 2009,2,38,3,67,10,76,1,0,0
6115,P8coIDRb7x89GXHa1jqCrg,Bil bilwithonel S.,"Jamaica Plain, MA",April 2007,25,7,0,16,1,3,0,0,0
6158,eJAm3JCqPb26-Vxc_XIIKg,s. m. j.,"Conway, AR",May 2011,18,202,33,236,60,19,16,23,4
6185,I46Hd_XZbi_DOFRwJkFAcA,J. L. S.,"Oak Park, IL",August 2010,0,26,0,8,6,1,1,0,0
6235,g4vqaneK40hv14Ps6w7reA,Tom R.,"Austin, TX",January 2011,59,4,0,4,3,2,0,0,0
6280,dhZkTd9cxYIlagRwGguqsQ,Bethany L.,"Chicago, IL",October 2007,12,134,4,129,52,42,22,0,1
6354,oUfwqMzW6OBvMlK4ndeg7g,B. Chocolate thunder S.,"Jefferson Park, Chicago, IL",July 2011,5,68,5,15,5,17,2,31,0
6362,mMHlWzfAZ5E5o-vpo4zL-w,Mary S.,"Chicago, IL",August 2007,28,133,8,218,127,228,148,0,2
6363,RU0FnaBjAqwhukCUDzvFMg,Aubrey T.,"Boston, MA",May 2011,2,35,1,5,4,2,0,1,0
6383,HdBuA62uCLcT01WYiNvQYA,Dianna DOUBLE D D.,"Chicago, IL",March 2008,10,56,0,29,18,8,2,0,0
6415,-XtV5ka3U5IUmukGYUNhJQ,Doll Y.,"Chicago, IL",February 2009,1,17,1,1,1,0,1,0,0
6430,UcPqBjPJnm0B55MQYGHcaQ,Katrina L.,"Evanston, IL",February 2007,10,60,0,83,60,58,10,0,4
6431,c4IRvJVyqjZ-3I_XP_LcPw,Whitney E.,"Chicago, IL",March 2009,0,11,1,17,11,3,0,0,0
6455,9M0Ab-vP77Dq4vG9qH1v_g,Neal G.,"New York, NY",March 2008,14,43,3,44,26,8,4,1,2
6477,zNMYEX6gKpYeVb80ce5F8A,Cameron B.,"Houston, TX",February 2010,130,544,40,644,374,184,169,13,20
6494,MtlkTmXWdobERbb9-vf-tA,Sammy SJ S.,"Elmhurst, IL",February 2010,9,82,7,63,23,37,9,19,5
6509,YUJynKwaBKKh3E9E5MNIgQ,Gil Fenyx N.,"Chicago, IL",March 2007,26,205,26,222,116,92,34,0,4
6527,ma_6e5TlBtqp2mscxp9HqQ,Melanie J.,"Hobart, IN",February 2012,0,6,0,3,1,0,0,0,0
6557,Gr4Joq8OPdiL5uSjIYounQ,Rachel B.,"Chicago, IL",August 2008,0,32,2,53,11,17,0,0,0
6865,a33LjDNrMu6ip8EXXJhH7Q,Edie Ms. Lustie B.,"Chicago, IL",May 2009,0,14,1,57,20,39,1,0,2
7072,Gq9v2xqrnkaH9oFuvyBiIw,Stephen M.,"Chicago, IL",December 2007,14,8,1,6,4,1,0,0,0
7196,4MvVzvoNslTLEKKArAbADg,Laura U.,"Chicago, IL",February 2011,7,1,0,0,0,0,0,0,0
7364,LyoBey7pYHult00lhiS02g,Cassandra W.,"New York, NY",February 2008,77,114,7,92,43,43,32,5,4
7380,Fug40IRhe4A4rJvk0P5fBw,Sara R.,"Chicago, IL",October 2011,1,8,0,1,0,0,0,0,0
7397,EZ3i_Rqwy_my7LuErAGEOQ,Saki Z.,"Chicago, IL",November 2010,1,18,0,5,2,1,0,0,0
7495,8QftS_uW9NmrliKGYvgfGA,Elle M.,"Chicago, IL",February 2012,0,4,0,0,0,0,0,0,0
7514,XUjGcCAOHkAp96LQPWy7Ew,Cera Cera S.,"Chicago, IL",January 2009,115,13,3,9,4,2,1,0,0
7631,xrv3DcyASxXSpnoUh3AXsg,Jolene H.,"Vancouver, BC",January 2007,19,75,3,89,39,17,24,0,4
7697,iflEFcU3QJMEB9YFAsv72Q,Mike U.,"Emeryville, CA",October 2007,28,124,9,163,100,101,97,20,4
7740,WC1O6t5wUpY3-Q5hYShqjA,Deana H.,"Pleasanton, CA",September 2005,17,30,6,36,13,9,3,3,0
7760,9Gg62hHUyDloLL5sfFUsCA,"jennifer JP, Japs, J, Jen p.","San Jose, CA",September 2011,128,35,1,14,6,2,5,2,1
7779,Tq6eoIbMEVzsCHfAL29ppA,Steve Steve4031 W.,"Chicago, IL",August 2008,1,31,7,16,6,5,1,2,0
7819,TtW29c-f6xMOhAX5x0c5zw,Jeff H.,"Chicago, IL",August 2009,0,15,0,6,0,1,0,0,0
7852,7EvLOaSpq53KWYktU6vgrQ,irfan TALK TO ME FOOD m.,"Boston, MA",May 2007,3,36,0,17,6,7,2,0,0
8000,0n2C1Ez8q4V8VWXawpwHbQ,Rich R.,"Miamisburg, OH",March 2009,1,3,0,0,0,0,0,0,1
8390,3Qv6oNpjh3_KjY8IFA-3cg,James F.,"Sunnyvale, CA",March 2007,38,96,4,91,67,115,22,0,1
8393,439pxyi298Y8sQN-LkwrAw,laurie c.,"Austin, TX",January 2007,51,242,30,445,292,70,45,0,5
8433,WkCKFLAQ9egJAKr-nYZIew,Katie I'm Hella NorCal Now H.,"San Francisco, CA",May 2009,5,29,0,38,19,19,12,0,4
8455,pWPObxT8Soov_T2Wgfp18Q,Linda C.,"Queens, NY",July 2009,3,315,49,912,776,714,27,0,7
8506,8TuKQ_wKnAvQRAZNH5BevQ,Johnna B.,"Appleton, WI",December 2011,0,2,0,1,0,0,0,0,0
8525,GxqwXkJ4SQkEreVoEGXLPg,David D.,"Shelburne, VT",April 2007,7,45,7,45,31,9,4,0,2
8590,MiB2gpULGjM1b4Uk8hp0RQ,Fortress A.,"New Brunswick, NJ",August 2010,0,14,0,1,1,5,1,0,0
8650,FQDQJem0Bxtk13Aii7Q8Hw,Bernice Twin B L.,"Northbrook, IL",March 2010,60,101,4,129,87,35,33,160,2
8701,abq2YEZym9SGjwC00uUc3w,Tasha D.,"Chicago, IL",September 2006,1,13,0,8,2,0,0,0,0
8703,5hfvTJczPrHwC0qvrKBTeg,Daniel Y.,"Chicago, IL",August 2009,0,38,0,30,3,12,2,0,0
8796,gXaGpyBgswx5g6C4S3OTBQ,mari s.,"Chicago, IL",May 2009,15,15,0,14,7,0,13,155,0
8921,e6_Xtbvgn50yz5b2QVD_wQ,Joey M.,"Chicago, IL",February 2011,9,12,0,10,4,4,0,0,1
8948,FIAaBcIXClWDwByVqZSbYw,Young Wildcard B.,"Saint Louis, MO",July 2010,56,19,1,7,2,2,3,11,0
8951,fc2meMafVjCbwxVGtdaAlQ,Laura O.,"Chicago, IL",January 2009,0,1,0,0,0,0,0,0,0
8998,Ps0LuCG4HhgJrP0LzbThJA,Rick I.,"Chicago, IL",July 2009,0,3,1,0,0,0,0,0,0
9029,AwA4gGe5-IIXgYa23FSGPw,Parris M.,"Chicago, IL",July 2012,12,16,0,2,1,1,0,0,0
9038,N0XMYcoFol1ijL9CUzZl6w,Ashley D.,"Cincinnati, OH",December 2008,4,7,1,6,0,0,1,0,0
9097,-JSEZ4IILrG44ofafu9IAQ,Feefee G.,"Chicago, IL",June 2012,0,1,0,2,0,0,0,0,0
9176,VcPj1gchy48KWnMk4kMI-A,Miss P.,"San Francisco, CA",December 2007,39,203,2,100,63,118,50,0,2
9251,4jb3UZMBkevHrNz_TX5v2A,Mark R.,"Milwaukee, WI",July 2010,3,27,2,8,3,4,4,0,0
9393,wponykQSCGnAHDdYacqzig,Blair C.,"Chicago, IL",June 2009,0,4,0,1,1,0,0,0,0
9413,iyXmi-1cjlUjhWHplEGU8A,Terry H.,"Chicago, IL",April 2009,1,10,0,8,0,1,0,0,0
9426,r8R_AT_APfZm7wJLFREI7w,Ami B.,"Chicago, IL",August 2010,0,17,0,3,1,1,0,0,0
9458,vlqmXI3INoWXItd3pLkbUQ,Michael the man! E.,"Chicago, IL",October 2010,0,3,0,0,0,0,0,0,0
9493,2gP8SyYiPrMwb80SHSumfg,Dean DandE foodies C.,"Chicago, IL",July 2009,0,2,0,0,0,1,0,0,0
9506,hJCYKe48C9X6UA4_HeLw0g,Jel V.,"Chicago, IL",January 2008,3,3,0,3,1,0,1,0,0
9567,0tawEbG_rWD6cIw5dDvsGQ,Shannon L.,"Los Angeles, CA",September 2011,0,2,0,2,0,0,0,0,0
9578,4wTVoLKw8VQayqCNkSgeIw,Caitlyn O.,"Chicago, IL",July 2008,0,9,0,0,0,1,0,0,0
9647,S2Vdng5MOAyWDDPv23EbDw,BonLion L.,"Chicago, IL",August 2012,0,2,0,0,0,0,0,0,0
9664,plfIfUKAuaz_Y63D7BerOw,Allie H.,"Chicago, IL",October 2011,0,1,0,0,0,0,0,0,0
9679,_4fqW21qlBC9ptHXCRL2iQ,Conrad J.,"Chicago, IL",April 2007,17,29,3,41,29,18,2,0,0
9682,B1qlU8g2-CLAcfaqJx-Jeg,aaron e.,"Chicago, IL",August 2007,0,2,0,0,0,0,0,0,0
9698,cX9egJhRa_IM8t3YIcGfOw,Penny L.,"Chicago, IL",June 2010,0,9,0,4,1,2,0,0,0
9757,10oJen9g1HtT-h-dI9xpmw,Jason M.,"Chicago, IL",March 2008,0,28,1,10,1,0,1,0,0
9802,2rnO4hVpPlXhi5OMJ7Zy4w,Colin h.,"St Paul, MN",May 2011,0,2,0,0,0,1,0,0,0
9935,EXC632BiFSc_5FqZ1v_diA,Angela R.,"Oakland, CA",May 2012,0,2,0,0,0,0,0,0,0
9956,qjiHhm5GRfbAsFCjlc1bjQ,Cynthia G.,"Marengo, IL",May 2012,0,2,0,0,0,0,0,0,0
10112,BO2NTSSPpO-B0POj3QwUkg,lori Lori f.,"Evanston, IL",December 2010,0,2,0,0,0,0,0,0,0
10135,1mBfIosPZ5LGjbSHG_WYtA,Kevin F.,"Chicago, IL",May 2010,0,1,0,0,0,0,0,0,0
10138,dceLbthWNKJhByzGeM3lAQ,Mich N.,"Chicago, IL",April 2009,1,18,2,13,4,1,1,0,0
10164,kFZbNOlrDpLaod8t-hE0kA,C. B.,"Chicago, IL",September 2008,0,6,0,7,0,0,0,0,0
10230,Svf4lN5iZMYf7KMkJ4Y0nA,Kevin M.,"Chicago, IL",September 2008,0,4,0,1,2,1,0,0,0
10249,LX3dHNbtLXNM6yZmL4Fpqw,LaTosha J.,"Lombard, IL",July 2010,0,1,0,1,0,1,1,0,0
10267,BGvcLGDt56cXW-mqZY9nXA,William Will T.,"Wood Dale, IL",January 2009,0,15,1,19,0,2,0,0,0
10310,wBVj6lVqqu3JJGmNBXYOSA,Kfe M.,"Chicago, IL",June 2007,1,7,0,8,4,0,1,0,0
10413,2KPBwc36alOMsJRLwhNmLg,Jessica R.,"Chicago, IL",June 2011,0,3,0,7,1,1,0,0,0
10414,CNuK9vli9KOA0rd7EKo9cQ,Karen D.,"Bolingbrook, IL",June 2011,0,4,0,0,0,0,0,0,0
10425,-tF9mcXWq2ZP5QNfqgnbEQ,Becky R.,"Chicago, IL",October 2011,3,13,0,1,0,1,1,0,0
10612,WH1S83psvo9Co6LciYz5lA,Henry Y.,"Atlanta, GA",January 2010,0,4,0,0,0,0,0,0,0
10617,ppdI3Rbxcf6tskucQR_VHw,M A.,"Chicago, IL",March 2009,0,1,0,0,0,0,1,0,0
10649,vDYVC5x9dSwCOZ78iDsRsg,Hye K.,"Chicago, IL",April 2012,0,5,0,2,0,0,0,0,2
10674,lpW8jeLMtLi4Z4QUCNHx-w,Elizabeth B.,"Chicago, IL",October 2007,0,7,1,5,0,0,0,0,0
10689,hRmQGXv0iMuMpi4UuOry_Q,Dan The Man! H.,"Chicago, IL",May 2009,7,17,1,13,2,6,0,0,0
10698,BKkBF-1ksjB-mX9sE9qBWQ,Michael R.,"Chicago, IL",March 2010,0,3,0,1,0,0,0,0,0
10871,YAQ49IF99yYokTYB0ly3Tg,Umair F.,"Chicago, IL",July 2011,17,16,1,7,4,7,4,0,1
10921,7xucHLL_dgdq42hknOfQ_g,Stav R.,"Chicago, IL",April 2012,0,6,0,0,0,3,0,0,0
10934,4MT_SpcdH_GSc7S9KofmOA,Gina S.,"Hoffman Estates, IL",June 2011,72,6,0,0,0,1,1,0,0
10986,_fTOCLYTnvCJqkCrqWrAIg,Erin S.,"Chicago, IL",November 2009,1,12,0,1,1,0,0,0,0
11187,Z37p6ufH886m0tCQvj3qiA,David S.,"Martinez, CA",January 2010,0,8,0,3,0,0,0,0,0
11198,7Op55LLf2J1rTVqccDDYuQ,Francis D C.,"Chicago, IL",March 2008,0,1,0,1,0,0,0,0,0
11327,ZC2hadc9Ur3m6jQ1DupDnw,Amanda W.,"Chicago, IL",April 2012,2,5,0,3,1,1,0,0,0
11329,E3LGduKI2kmJA1n9IEJKYg,Larry D.,"Schaumburg, IL",February 2012,0,2,0,1,0,0,0,0,0
11349,tr5HrFs1UGMZ00VlFiaLhg,y. designfly k.,"Chicago, IL",December 2010,0,3,1,0,0,0,0,0,0
11388,MMj8GMG1vFTD0mLYmfRNNQ,Jay K.,"Chicago, IL",March 2009,1,9,1,8,3,1,0,0,0
11402,qNl0SMcF-HMTwp19jJa2dg,Tom B.,"Park Ridge, IL",August 2009,0,8,1,3,0,0,0,0,0
11455,-hRrgaDt4InFon_I57Yhvg,Juan C.,"Chicago, IL",March 2012,0,6,0,1,0,0,0,0,0
11477,2MgK4LPpNhKLMGnJqhvcug,Thomas B.,"Chicago, IL",May 2009,0,2,0,0,0,0,0,0,0
11497,B3_Qf0doFJLxHlJZyjlLjw,Joey V.,"Palos Park, IL",January 2010,0,7,0,1,0,0,0,0,0
11580,gvZ17G_foRKWazRwE9giJQ,mark F.,"Chicago, IL",January 2010,0,10,0,1,1,0,0,0,0
11588,WNAnAjWTLSO4EDRIAABjsQ,Sara L.,"Chicago, IL",March 2012,0,5,0,0,0,0,0,0,0
11695,Hgim2hND9QlM2aHZ-gmNmw,Sandra E.,"El Paso, TX",July 2010,0,1,0,0,0,0,0,0,0
11832,eI_6d7NlqxTywEc9rMnaeA,Sandro S.,"Chicago, IL",August 2009,0,5,2,0,0,1,0,1,0
11860,bW4UQehjB2La2_YxJaxrvQ,Alex D.,"Morton Grove, IL",January 2008,0,3,0,5,0,0,1,0,0
11991,Yq5xkdGGtZV-sykfYMHIKw,Janine H.,"Chicago, IL",August 2008,0,9,0,1,1,2,0,0,0
12034,d3Yg0fgVBC2riBdelr3Mtg,Robin L.,"Chicago, IL",December 2010,0,3,0,1,0,1,0,0,0
12115,A8WL7DdOtkuvlJTEFzD5bg,Alla R.,"Glenview, IL",May 2012,0,1,0,0,0,0,0,0,0
12127,Pf6xeU8VRkXrxTRn1d5Zkg,Kelly K o.,"Park Ridge, IL",December 2011,0,2,0,0,0,0,0,0,0
12141,qVzmVE1eFDAzEg94F7H5nA,Kelsey E.,"Chicago, IL",November 2011,0,7,0,1,1,0,0,0,0
12193,1kiCkOuZWAQKi1xJilDk4A,Joyce T.,"Chicago, IL",July 2007,2,11,0,11,2,0,2,0,0
12229,KcYP9KDGsyYHHcySqdCDOg,Brette R.,"Chicago, IL",July 2006,1,28,0,34,6,1,4,0,0
12381,nuSqKFh9zH6cHGGs4pO4OQ,Armando R.,"Chicago, IL",March 2010,0,1,0,0,0,0,0,0,0
12384,4qi_RbUC08_UR3q0-CLNrQ,Kate F.,"Chicago, IL",November 2008,0,1,0,0,0,0,0,0,0
12444,xIXKcbzHbAKyqN1xcnXxCQ,Bonnie P.,"Chicago, IL",February 2010,0,3,0,1,1,1,0,0,0
12502,CdjdJkqD-nq8KCMKAp56BA,Catherine S.,"Chicago, IL",February 2008,0,8,0,1,0,0,0,0,0
12510,sUr-aMrvtMrj07tW5JcpeQ,Jesse Jesus Ninos C.,"Chicago, IL",October 2009,3,20,5,1,0,0,1,0,0
12517,VlKtsToYwZR-s4BOlgjiiw,richard o.,"Chicago, IL",August 2008,2,2,1,2,2,0,0,0,0
12555,DnN0EdMW5giYow5-72USuw,Amanda M.,"Chicago, IL",March 2010,0,1,0,0,0,0,0,0,0
12560,ldXj4ZTnrFACVVn5gnVsXQ,Elizabeth C.,"Chicago, IL",February 2010,0,1,0,0,0,0,0,0,0
12611,WEaZUVM6hz5pTHqyhfkoLA,Vivian P.,"Chicago, IL",September 2006,0,4,0,8,0,0,1,0,0
12616,yCgG9iNhQGE0I0DDgRXxaA,dave dave c.,"Chicago, IL",August 2009,1,7,1,5,1,2,0,0,0
12738,XyUaI5duRlvFGaa2wVOHJg,Andrea Andy P. S.,"Chicago, IL",February 2011,0,1,0,0,0,0,0,0,0
12759,y30jXOyx97Ooi65qnxN44A,Olivia S.,"Chicago, IL",February 2011,0,5,0,0,0,0,0,0,0
12788,LwUTAjyDM0AnZyn0lecV1Q,David R.,"Hartland, WI",June 2011,0,1,0,1,0,0,0,0,0
12795,cmZaT9tV_AjMxLGLvVzUtw,Mike R.,"Chicago, IL",June 2010,0,12,1,6,1,1,0,0,0
12807,VPuteXccLR3SHLSxJQSHGg,A. N. E.,"Chicago, IL",July 2010,0,3,0,5,0,0,0,0,0
12812,kIsTPqhfDiN8Q-1uvTsQFQ,Emma W.,"Valparaiso, IN",February 2010,0,1,0,2,3,1,0,0,0
12878,HpIK2St_v_CWY6nm0AYrHw,TIFFANY TIFF P.,"Chicago, IL",September 2008,0,11,1,1,2,2,0,0,0
12964,K8SXEhsu_bgqTkniUgbgag,J T.,"Chicago, IL",August 2009,0,1,0,0,0,0,0,0,0
12966,VlG26BogziQ241PoJHhorw,Shawn R.,"Chicago, IL",June 2009,0,2,0,0,0,0,0,0,0
12979,leu2l3CdLkBeqi0tUHrjtQ,Weizhi K.,"Cook, IL",October 2009,0,3,0,6,4,4,0,0,0
13108,wALYnyUbvS9s0cHZEMi_AQ,Rob R.,"Chicago, IL",February 2011,0,3,0,0,0,0,0,0,0
13166,1kdycn5kZub5lz0M0HrrHg,Jacqueline T.,"Chicago, IL",March 2009,0,2,1,0,0,0,0,0,0
13177,5Hs8sgLIC4ZNrYSEYXSXRA,michelle m.,"Chicago, IL",December 2009,0,7,1,3,3,0,0,0,0
13228,F74DOZ13kXnBqflR-Z4YbA,Linda L.,"Chicago, IL",December 2010,0,1,0,1,0,0,0,0,0
13246,s9oEz4w68FWUfDAU2FvB-A,anthony s.,"Chicago, IL",September 2008,0,1,0,0,0,0,0,0,0
13285,ZcOJiJEVyR6tNRYluIAx6A,Kara Kara S.,"Chicago, IL",April 2009,0,5,0,0,0,0,0,0,0
13298,du2sKiC-N8MoTyWXWITa6w,Laura A.,"Chicago, IL",August 2009,0,10,0,1,1,0,0,0,0
13306,dPNXPGwJmGKkBNp4l78WSA,Miranda D.,"Chicago, IL",April 2012,0,1,0,1,0,0,0,0,0
13323,rrzify83J1Lkw9Vs2t0BFw,anna f.,"Chicago, IL",August 2011,0,1,0,0,0,0,0,0,0
13355,vhvurZZtLU2rXj1yctY8pg,Mike au2bahn O.,"North English, IA",January 2012,0,15,0,4,2,1,1,0,0
13455,z4ho3S5sEcq8v0PDbmG-7w,Angel G T.,"Chicago, IL",April 2011,0,12,1,2,1,1,0,0,0
13481,qFks-yV0xd3KWk7_Tb4SyQ,Del B.,"Chicago, IL",October 2008,0,3,1,15,2,0,0,0,0
13508,NsIkN6X1etahVUISrMKr6g,steve c.,"Chicago, IL",May 2007,0,5,0,1,1,0,0,0,0
13679,ulnefle25vGxgsSgFis7FQ,Miguel P.,"Chicago, IL",December 2008,0,3,0,0,0,0,0,0,0
13703,tWPYvVwEsPs3be9hyPEOzw,Dean M.,"Chicago, IL",January 2012,0,2,0,2,1,0,0,0,0
13842,YBOvh8wHGdqsXn9jNSjDRg,Ricky P.,"Forest Park, IL",July 2011,0,5,0,0,0,0,0,0,0
13920,vY3_kGpiU2AkwbBRyvkXtA,david b.,"Chicago, IL",March 2008,32,54,1,44,23,25,6,0,1
13944,Kp4d46mN1_i2vSL_NSOX2g,shannon j.,"Chicago, IL",July 2009,0,6,0,6,1,3,0,0,0
14112,PWxlrnOv1egbu1-BecM2AQ,laura d.,"Chicago, IL",March 2011,0,10,0,1,0,0,0,0,0
14114,HGFeEzA63mm2Hb_8M58Zcw,Antonio S.,"Walnut Creek, CA",June 2011,5,3,0,1,0,0,0,0,0
14211,TEnioRcn8z5zP381Lzd1Jw,Ignacio B.,"Chicago, IL",April 2009,4,4,0,3,0,2,1,0,0
14363,ulWz5y_N1qyafo21Y0i90A,Johnny L.,"Placentia, CA",November 2006,1,30,16,23,30,12,5,0,0
14364,THE2FJCXhH4F9DRUzWUbUA,Regina G L.,"Iowa City, IA",February 2007,153,228,19,636,528,309,767,11,21
14451,sbrUz4rcLA9O1T530hIMDA,Daniel S.,"Savannah, GA",March 2009,1,64,33,46,10,9,3,8,1
14469,mjz5k3HsPwkpn4A82Es8sA,Joe joeyride S.,"Orange County, CA",June 2008,53,23,3,7,3,2,1,32,2
14572,Tzcpqe--vz0QgzzlTUQlfA,Jessie moderation is overrated S.,"Hugo, MN",March 2009,44,138,10,182,72,41,49,18,4
14595,bzCcQbknoZ7WQL5KB356Iw,Silent Silent Critict A.,"San Francisco, CA",May 2007,0,43,0,23,12,5,0,0,0
14815,ywafNADXYfNANIvhzJswhA,Jenny happytastydeepfriedgoodlinessÂ­ D.,"Chicago, IL",February 2010,2,4,0,23,9,24,1,0,0
14936,cz8V3wu_Hb85oQQYKTQYOw,Ordale The One and Only A.,"Washington D.C., DC",November 2010,19,79,2,128,54,250,33,0,7
14945,nNR_Wj6IM1yMRCf7zsIYgw,Jon JonP J.,"Plymouth, MI",January 2011,1,15,3,5,0,0,0,0,0
15092,9X_COzRVC1LF4IHr5zQMVQ,Paul Winstons Keeper W.,"Chicago, IL",November 2010,2,8,0,0,0,0,0,4,0
15135,t9NhoFA6HrpQf2zz9tkwDA,Claudia Claudy F.,"Chicago, IL",September 2008,0,1,0,0,0,0,0,0,0
15142,FU2Ki6MhyeIlhY4IWQ4sdA,Wicked Witch Of The Web X.,"Chicago, IL",January 2012,0,1,0,0,0,0,0,0,0
15168,uv97eSaNzZZF-LrVYXEdNQ,Michael J.,"San Tan Valley, AZ",March 2012,0,68,6,28,11,6,0,0,4
15191,-68PCMfAr7McfGUDowvNGQ,Chris T.,"Chicago, IL",July 2008,0,2,0,0,1,0,0,0,0
15234,qcj2TptCfoNN6cCwvLCXUQ,Libby S.,"Chicago, IL",February 2008,0,1,0,0,0,0,0,0,0
15323,NFx9yazzgkkOPR8olS4kiw,Mike A.,"Chicago, IL",July 2010,0,2,0,0,2,2,0,0,0
15341,uspd7tNGRzMYU_WFJhyRBQ,Jesse S.,"Henderson, NV",October 2011,0,7,0,2,0,0,1,0,0
15347,bx5jjyD_fIe8Y-Hauh0DPA,Matthew Im yelping hungry H.,"Chicago, IL",January 2010,0,7,1,0,0,0,0,0,0
15470,lCcKRBEXD6cFZ1AiBWa2NA,brando h.,"Forest Park, IL",November 2010,0,1,0,0,0,0,0,0,0
15493,qZ_tTxQlq3HiqlAp37BWbA,Betsy J.,"Chesterfield, MO",November 2010,2,4,0,2,0,0,0,0,0
15658,zGk08ToakIgXzr_RUS6bVQ,James P.,"Chicago, IL",July 2010,0,2,0,0,0,0,0,0,0
15703,JDEbvk9qvII10OySMqzzkQ,Lunden D.,"Chicago, IL",November 2010,42,2,0,1,0,0,0,0,1
15721,chggw27qnyUcfnuplZzpBA,Pauline T.,"Chicago, IL",July 2012,0,4,1,0,0,0,0,0,0
15731,aB7USLtIR4uOrRlBNVpTCg,Jeff S.,"Chicago, IL",December 2006,0,3,0,4,2,1,1,0,0
15772,OVF94jpdjYHu83mKfB4Aag,Nick M.,"Chicago, IL",May 2011,0,2,0,9,0,2,0,0,0
15869,DCWNFC1WZTGkYKduB-YUig,Althea W.,"Chicago, IL",March 2011,0,4,0,2,0,0,0,0,1
15907,45Q67gNbLWMV9WHhLIEaWg,Heather H.,"Chicago, IL",February 2011,0,1,0,1,0,0,0,0,0
15993,WqtZnNtjPLBfcG7XvInsKw,Shannon K.,"Chicago, IL",November 2011,0,1,0,0,0,0,0,0,0
16060,4eFPsecxqtkpgJT79vFD_Q,Brandon U.,"San Francisco, CA",August 2008,10,24,0,23,15,2,1,1,0
16080,VIVU9P3JCX1qYqy9Md-hcg,allison f.,"Chicago, IL",December 2007,6,22,0,16,10,12,3,0,3
16118,3ggfsQD8ti6YfDz6kgxReg,Julian citysmart K.,"Chicago, IL",June 2011,28,5,0,8,1,3,0,0,0
16157,XQPFioi3Rc55sf1i3q1cCQ,Catie P.,"Manhattan, NY",January 2010,3,10,0,5,1,0,0,0,0
16245,uBbGdIpbieFQFVLOQh_8Yg,Rebecca W.,"Chicago, IL",January 2009,0,8,1,6,4,1,1,0,0
16617,d7xA2kRYIH0m8muwOWnsSw,Mony K.,"Philadelphia, PA",September 2012,9,9,0,5,3,2,0,0,0
16664,jfRXIPZ4_5wtsXvRh5L0hA,Betty The bear C.,"Chino Hills, CA",June 2008,88,148,3,107,42,65,52,26,3
16685,g0PyHSAoNmWx84WMuBJKpQ,Matt O.,"Los Angeles, CA",February 2008,7,6,0,6,3,1,0,0,0
16826,3l1kL-u7SedV8caKb0miGQ,Paulina M.,"Chicago, IL",August 2008,5,47,1,33,10,10,4,0,1
