,date,reviewID,reviewerID,rating,usefulCount,coolCount,funnyCount,flagged,restaurantID
91,11/28/2011,nWtrf2j3JR,vv_YFEMLBVwFkxuFj0nISg,5,0,2,7,N,pbEiXam9YJL3neCYHGwLUA
109,10/19/2011,xWNqFP9v7w3ovpAcNrSdYA,ir689oBNmrJXOspb4yq_Jg,5,1,2,0,N,pbEiXam9YJL3neCYHGwLUA
421,3/22/2009,0ZaIorCP,Jrm34VNH85jMCtFevsSz6Q,4,1,1,0,N,pbEiXam9YJL3neCYHGwLUA
507,6/24/2010,P4,MEvIFUnUtQbythmc_mE3Aw,5,0,0,0,N,pbEiXam9YJL3neCYHGwLUA
529,3/22/2010,t6v42m9fKDPiVHyqaxYtFg,ivlqPjxpAqQ7W2AFNyZhdw,5,0,1,0,N,pbEiXam9YJL3neCYHGwLUA
784,10/21/2007,f0O3UHt-BnZvA1pFmuNQ4A,5s6XiKLatG9t2mo3oJoXdw,5,2,1,0,N,pbEiXam9YJL3neCYHGwLUA
1091,6/7/2011,-Q3MD,0fWwNi01gyl0RxYORrXluQ,5,3,3,3,N,HOJqzz1WvOmeR9oESJ4d9A
1141,11/22/2011,riC7tR27,UaKu4NQ9R6rXHAz_NylXKg,5,0,0,0,N,HOJqzz1WvOmeR9oESJ4d9A
1153,10/30/2011,hQXBKoeuZSOuNgbKX1zlrQ,SkwOE8spsxqYgrDuBqGtBw,5,0,0,0,N,HOJqzz1WvOmeR9oESJ4d9A
1204,1/15/2011,n,jS3YkAmXOsRvehR8_o1vfA,5,2,1,1,N,HOJqzz1WvOmeR9oESJ4d9A
1223,6/26/2012,IAFfjMOR-oGWFQBL4sTwmA,GiWKO5yXO_yeaFxE1lsn_g,5,0,0,0,N,HOJqzz1WvOmeR9oESJ4d9A
1421,11/18/2006,jFPRMvt2W3B5U5N62I5qQA,MQVbEWA3c3PQQBRw2OnRPQ,5,3,2,1,N,HOJqzz1WvOmeR9oESJ4d9A
1432,1/30/2011,WdchnbG1utAgyL5GyAE8ng,FtGEpYCF6DYwiBL4zFMfRA,4,0,1,0,N,HOJqzz1WvOmeR9oESJ4d9A
1579,6/9/2009,ePWAwUeWq7mKmyT6WbQn1A,8-Jg_vtYGxGCM0XCH56bzg,5,1,1,2,N,HOJqzz1WvOmeR9oESJ4d9A
1610,2/11/2009,62UwQaRDmR0Vwj37-15aOA,nL6FP8Vu5MY5GXpg-dshqw,5,1,1,1,N,HOJqzz1WvOmeR9oESJ4d9A
1701,5/27/2009,6vaj2Ig0Yk2NTRtn8clisg,roEEV-UOlrhOuoI3GAP9wg,2,1,0,1,N,HOJqzz1WvOmeR9oESJ4d9A
1773,4/7/2009,xH3wDyIsXcFi-Enlz9JVAw,qwKbrVLWJcrfmD9R1pHRqw,3,1,0,0,N,HOJqzz1WvOmeR9oESJ4d9A
1880,5/27/2008,PbJV0X56oUv,Hu3QcCt1gUwBKN0H5cJ3xg,5,0,1,0,N,HOJqzz1WvOmeR9oESJ4d9A
2156,9/17/2011,-Ozw5i7b,ycTQSl8PQ0ffs4AY1cBjqA,5,0,0,0,N,HOJqzz1WvOmeR9oESJ4d9A
2175,8/14/2009,lcZXTIfEllZTvbmxa6gxLQ,OfuPOmFALOv9lRV0sBRlUg,3,0,0,0,N,HOJqzz1WvOmeR9oESJ4d9A
2216,8/13/2011,8EQAzA,E7NATeXrWhZDqHU21EaVyA,5,0,0,0,N,HOJqzz1WvOmeR9oESJ4d9A
2324,11/29/2007,ZWJoLePkau60myUwU1hQCw,z-L_18p-ircHFKZzJqaOLg,5,1,2,1,N,HOJqzz1WvOmeR9oESJ4d9A
2483,1/22/2010,E58z3NX0Rlw5Jr,eyCUe0GjcZolGcqwcIImDg,5,0,1,1,N,HOJqzz1WvOmeR9oESJ4d9A
2530,7/13/2009,EknaMpIG1Tvd3-nkT2GBZw,ShwO70X2AWTIAvgi9ZL1Ww,5,0,0,0,N,HOJqzz1WvOmeR9oESJ4d9A
2737,1/14/2010,AO07,X9QRQsni251zw4HvT_1_Mw,5,0,0,0,N,HOJqzz1WvOmeR9oESJ4d9A
2797,4/5/2009,hMy7JR8cgWk2,GKnaB7mfFbbPjUbdtGlUXA,5,1,0,0,N,HOJqzz1WvOmeR9oESJ4d9A
2834,9/13/2008,eNGjI-vhVh2vluMMPVzvTg,cSZxF3xQkHr71H4y-REEmg,5,0,0,0,N,HOJqzz1WvOmeR9oESJ4d9A
2859,10/13/2009,1v4VM4Z14uL-XOQOgM4m6g,D6M2clibJTgudK8CxRM6OA,5,0,0,0,N,HOJqzz1WvOmeR9oESJ4d9A
2896,8/29/2012,0vztl43pLbd-1rYw2I-WcA,XFR4tfX0LFE079es_FlQzA,5,2,1,0,N,AkfSndWBxnTn-LpmiL8aLA
2928,1/2/2012,VH,BsCPTtZGFC_zbawqxqP37Q,4,0,1,0,N,AkfSndWBxnTn-LpmiL8aLA
3009,8/19/2007,HaAq6uBBPS7QyfY5IQD8Vg,slt_MrmuF_Q3dlbrILWZQA,5,3,1,1,N,AkfSndWBxnTn-LpmiL8aLA
3010,4/24/2007,X3Bmh2YVDSPRlG7kubapQw,0XwEqX7IPU1uWYeel9L69Q,5,3,2,0,N,AkfSndWBxnTn-LpmiL8aLA
3110,9/18/2008,gFTQ22Fuyb0cP0MIiiXPxA,XvSr0CG8nBq2IcUIJ7HohA,5,0,0,0,N,AkfSndWBxnTn-LpmiL8aLA
3160,4/24/2011,Ok2-nwEdfrsCwBFLT1zUKw,bfD3nS5PqVwykoqNibzlTg,5,0,0,0,N,AkfSndWBxnTn-LpmiL8aLA
3183,9/12/2007,ScCyzSmuiT6LtUUWMWtOyw,aTbxOHrJd6oir0M6W578Iw,5,1,1,0,N,AkfSndWBxnTn-LpmiL8aLA
3293,9/22/2012,HxaJvHF7DEJyQWgqY1Cmqg,U8MYbpH88QmBwUq0K3S_1A,3,0,0,0,N,WBU0yq9J8qiYQfI_fh2P1Q
3298,9/16/2012,Ah0xcEc2yztr0MV8Gl5Nqw,i_1vWPbw-x2XkJMrgmwwOg,3,0,0,0,N,WBU0yq9J8qiYQfI_fh2P1Q
3524,4/2/2012,Wd0MX,JiH4FGHufjrCFc9h_fwC_A,4,0,0,0,N,WBU0yq9J8qiYQfI_fh2P1Q
3677,4/28/2010,JeD2noexSFTeH1ZZLpbphQ,2_QTXPYWwND440rZTW0mZg,4,1,1,2,N,WBU0yq9J8qiYQfI_fh2P1Q
3919,7/1/2010,o9owkltSO9yhZ7oSXscGzA,n_hAYM5NoDTHFASgGuGFqQ,4,0,0,0,N,WBU0yq9J8qiYQfI_fh2P1Q
3958,7/21/2009,luSGBE29EeDbtsx4ZzJXBA,10gUtIytl5j8lswV4TRbbg,4,0,0,0,N,WBU0yq9J8qiYQfI_fh2P1Q
3982,12/20/2008,D5O5y6nyN84kVaHdXiDVHQ,9khCiEW5XvGfNyX9z4JRZQ,4,4,3,3,N,WBU0yq9J8qiYQfI_fh2P1Q
4241,12/15/2010,DZSC5BgMdWSLbxPpNpFbsA,zEIIwzujF5FhrIYLQL3haw,4,0,0,0,N,WBU0yq9J8qiYQfI_fh2P1Q
4464,1/8/2010,wbcCtMiV4rMEBhJEsqPKaw,J9Ka0DGmqitPjPLptcEk7w,5,7,6,5,N,bNXpwTSavHBV9zBk2lUlGA
4484,8/21/2010,Fjab-fg2Batr7s3UQLZQcg,ign-wXfFvXhgqYVTbxV3aA,5,3,1,0,N,bNXpwTSavHBV9zBk2lUlGA
4703,3/31/2011,wu,okZzJXRleMOxlloRF3zZkg,4,1,0,0,N,t3pYu8eidmb2ZmexHRHT_Q
4732,3/28/2011,AeNCpbefA20CcsmmHSj8Qw,gAWI-_Wpb-02xokJ96i8IQ,1,13,3,5,N,t3pYu8eidmb2ZmexHRHT_Q
4748,5/11/2008,N5-N7QpWSfD-eXCciosrjA,0O49DXnOx39lTiZpBYhKDg,3,0,1,0,N,t3pYu8eidmb2ZmexHRHT_Q
4769,8/4/2009,ZiaSPUXM0uUa-Dzu0i925A,05Ry-Ik_W0xzKukzD448LA,4,0,0,0,N,t3pYu8eidmb2ZmexHRHT_Q
4823,5/23/2006,avgjxqL0foFmuM1,DqjtbMq2NTNFu-LpD1SC-Q,4,2,0,0,N,t3pYu8eidmb2ZmexHRHT_Q
4879,3/2/2009,OqTEBoTSCO69ylF4oH8iUw,_nnH4brnz8i28T7ub_fZoA,4,0,0,0,N,t3pYu8eidmb2ZmexHRHT_Q
4894,10/27/2011,V4JVgZc7dMgwQkvxbrYxTg,zd-tLUMgmXg0KVAt66XS0g,4,0,0,0,N,t3pYu8eidmb2ZmexHRHT_Q
4900,6/12/2008,RYdVO2PCiH9rL1lnR5yUmg,axZKviDCwKriCNCZPTmGgQ,5,0,0,0,N,t3pYu8eidmb2ZmexHRHT_Q
5070,5/23/2012,iDKcuxr6Poq9l6e5Ddkedg,HE26jUrS66q9ZywRtHIshg,2,2,0,0,N,boE4Ahsssqic7o5wQLI04w
5196,12/4/2011,HfJWHvLl9rF0ZAEoPfOYPw,Hz2tMrD3vpv7AGrHX81ubA,4,2,2,2,N,boE4Ahsssqic7o5wQLI04w
5232,12/20/2011,7X02Ispca62u38BkbEG4Kw,B_T4fv0GlGcZLDpchBX-0g,4,0,0,0,N,boE4Ahsssqic7o5wQLI04w
5249,9/21/2011,MCJgzkfeQecwzp0eHPVOiA,IB341VwGmVkR8DabjP-EYQ,4,4,4,4,N,boE4Ahsssqic7o5wQLI04w
5345,6/17/2011,4GXY2AF,66gWv0tRqVivcNX7bo8sfQ,4,2,0,0,N,boE4Ahsssqic7o5wQLI04w
5486,2/27/2012,-fBu18-uadG7tA7V9lwP9g,dmTGjcJh0ta4lFirNZpdgg,3,0,0,0,N,boE4Ahsssqic7o5wQLI04w
5508,11/15/2010,8sKrUQFCIYl5Itw1ZMMLZQ,Pd47QXU_tOl4K7yKBKDgeQ,5,3,1,1,N,boE4Ahsssqic7o5wQLI04w
5525,6/25/2011,Ou330UxHaZFwBptcYCzcqg,_qz4PRowWuGeL734QMXBxg,3,0,0,0,N,boE4Ahsssqic7o5wQLI04w
5581,12/23/2010,OfGbMdCnj-u3BTSPI,St2T4KDv7qXOf2Hh11PONQ,4,1,1,0,N,boE4Ahsssqic7o5wQLI04w
5592,1/24/2010,q1FxDUknxJrQ8I2exnQZfg,oZK2DjCiA-8Xq6utMi4AYA,4,3,2,3,N,boE4Ahsssqic7o5wQLI04w
5704,11/22/2011,pxYKEkup,J5tJo-hoZtG6FNvllUDaJA,4,0,0,0,N,boE4Ahsssqic7o5wQLI04w
5706,11/16/2011,pAmsRq1MxzA1w09Vk-6nTQ,DAE3Wofsr7w75ME9-jripw,5,0,0,0,N,boE4Ahsssqic7o5wQLI04w
5788,2/12/2011,P7ql,9tqN4bPGcjbViMCVm3qRwg,4,0,0,0,N,boE4Ahsssqic7o5wQLI04w
5796,3/16/2010,HSgKNJ6dtfoLcR,lDFHm9KO9qj3WlL8IH4Epw,4,0,0,0,N,boE4Ahsssqic7o5wQLI04w
5871,1/25/2010,WmZOo88dHrfMidxzR2RU6g,1B1ykKvGRpCMGtpzISkPMg,4,0,0,0,N,boE4Ahsssqic7o5wQLI04w
5987,4/25/2011,yl-VDc3WG3EKmNGlSmpZ3Q,e5tmvf1Lmo8skxtI7jSIyg,5,1,0,0,N,boE4Ahsssqic7o5wQLI04w
5990,5/26/2011,UEyxFR006gnRQuV1b1GclA,s6Co7kYTZCrJQPuuX8enBA,5,0,0,0,N,boE4Ahsssqic7o5wQLI04w
6032,5/25/2011,ezj9X2hJ43Lh80SiMfB-Eg,_2gssQkH_2VSgGREKdPxJQ,4,0,0,0,N,boE4Ahsssqic7o5wQLI04w
6038,8/19/2010,s71XQ85sa5a-f0vU0QuZbA,P1NI5QCqsFskRjucA3FNSg,5,1,0,0,N,boE4Ahsssqic7o5wQLI04w
6118,7/2/2010,ba8zzvp,VP7MygugFl4gduIATDyJzA,5,0,0,0,N,boE4Ahsssqic7o5wQLI04w
6297,12/12/2011,CLkrufNFAvxeW8kQnjinng,bpf34V4QGtJjumrVPvhK8A,4,0,0,0,N,CQ75CQSyrsmb-S3UAwCHpw
6399,5/27/2012,x6rnt-6pXTYoiyc5zPXptA,103a-2Z-BMl-PK5OHoLUBQ,3,1,0,0,N,IvdOI86_CSCRFpid2atnyA
6420,9/17/2011,Db3uIEuCARoqhOirY2Vy1g,LZSlFD8e0-cyM6Gh7F2qXw,5,3,3,2,N,IvdOI86_CSCRFpid2atnyA
6428,12/29/2008,alj4a258bsX7pB0yRiTqWg,HwMZ0ld2P4V4-kSw-YxjGA,3,4,3,3,N,CQ75CQSyrsmb-S3UAwCHpw
6541,2/21/2011,Q9DhFMF6p,k2T6LCHjzD0hzMu8Lu6_Dw,2,4,4,3,N,IvdOI86_CSCRFpid2atnyA
6571,3/14/2010,T0Fh5A7YZ6zaTL0USaHeDg,bmiAy-CdzxWPi3Yr_fljHw,4,1,0,0,N,CQ75CQSyrsmb-S3UAwCHpw
6647,9/3/2011,J2d1a8W42gSkSoz-uDrF9w,9LWMPQI6x-yBUH7NIruIiw,5,2,2,1,N,IvdOI86_CSCRFpid2atnyA
6764,11/22/2009,g69xE3O06MnlqGnJYEeqCQ,QL3teetvs5_LXFdFl-L0sQ,1,0,0,0,N,CQ75CQSyrsmb-S3UAwCHpw
6952,12/8/2010,QcHyHuG0uj,aO80U8bsnvNIZbz_EjwDnA,4,1,1,1,N,IvdOI86_CSCRFpid2atnyA
6986,3/21/2010,bTM,NGx5ldioX0x45ZlbU5d_lg,4,0,0,0,N,CQ75CQSyrsmb-S3UAwCHpw
7166,10/17/2010,CtrmkLfcticxshoNQ2yJdg,rrbYj4aUXxVezTqaE6lUkA,5,1,1,0,N,IvdOI86_CSCRFpid2atnyA
7311,6/27/2012,AMm7Iijc8Ouzq169HMiVSg,CY9iLsE2z_yLhLqJdD1WGw,4,15,11,9,N,euO3-H92LCivH2B0CQPlnw
7398,9/17/2012,sbHIru7za0j7apRvkWAnDA,ZRjOhSGFRBq3mR59FDCTbA,5,0,0,0,N,LYppbvgJlBG0SqjSKFiFGg
7505,1/13/2012,u6Mx2CvrzLkQ4EzJdW7ZUA,qWgOaWnjckpS5MAKUlfx3A,5,1,2,1,N,LYppbvgJlBG0SqjSKFiFGg
7601,4/23/2012,8YAoHvyqUOiQTtsmvqm,TZOnNuNnpABDLNStsw8FhA,4,0,0,0,N,euO3-H92LCivH2B0CQPlnw
7656,3/24/2012,keZHF49XNoR5z9UqPopZDA,2fpsA44c7OBspeTK535hTw,5,0,0,0,N,euO3-H92LCivH2B0CQPlnw
7701,12/23/2010,pvcYHte1Ey7jIlBxyhyFrg,SDURW9xVesI7-Yl9naeEog,3,2,0,0,N,euO3-H92LCivH2B0CQPlnw
7767,6/8/2012,hi5uWGPHCY,f78YVYC2MAVkqx-9RtV96g,5,0,0,0,N,LYppbvgJlBG0SqjSKFiFGg
7783,10/20/2006,1U5kLVw2VUruyOD4-GZ5,Psa1UCn_F5PQAqWwQnaZqw,5,2,1,1,N,LYppbvgJlBG0SqjSKFiFGg
7906,9/23/2011,DozilX1tHl7tA08ZpseLnA,W2opEXEJSdJKzlshGrPNMA,2,2,0,0,N,LYppbvgJlBG0SqjSKFiFGg
8008,5/31/2011,fx-RGmG9RMQ0cOwd3,ekoD2Frzz7ge7XSo2VsHlw,2,0,0,0,N,euO3-H92LCivH2B0CQPlnw
8026,4/18/2010,7oHKW4OOSmcbg52AIJN26g,6wjdYqMTfgPoWUv6h_gPEQ,5,0,0,0,N,LYppbvgJlBG0SqjSKFiFGg
8069,8/18/2010,waisresvZbka3Luo-8lhHw,KPA98VSdLmQPrlNWq318YQ,4,0,0,0,N,LYppbvgJlBG0SqjSKFiFGg
8176,7/29/2011,oC9Jju6JozbxTeGGhYZKag,BFYdReGVlFKRjCEHdZV75A,4,0,0,0,N,euO3-H92LCivH2B0CQPlnw
8271,9/5/2010,mq,ynB-sMgkQBq_BIR5HQmt-Q,5,2,3,0,N,LYppbvgJlBG0SqjSKFiFGg
8289,1/3/2012,u4Co6LhE89iR-cZjf5jVqA,z_alOszJrOjKkVgQqnzdVw,4,0,0,0,N,LYppbvgJlBG0SqjSKFiFGg
8459,2/4/2008,nT9lSz5c02bYz03R54JVeQ,xC4OPkmk5EwOp9b5BwYPPg,5,1,1,0,N,LYppbvgJlBG0SqjSKFiFGg
8644,4/22/2012,Ag1wfogUc5nypVLqm5QjEA,jv3glJsrTJHp9sUcwF4vuw,5,0,0,0,N,0fFLUKl71vv3eNV2xhikEw
8695,6/24/2012,yVnWIhHeCzBiMywShkoMfw,qDGpnuuhsE51cqcaw5tgsw,2,0,0,0,N,0fFLUKl71vv3eNV2xhikEw
9055,8/14/2010,Y6w1S1CaE-91HGmFQUOZ9Q,bvGO_TqdIXFo-mNj2SsXhA,3,2,0,0,N,0fFLUKl71vv3eNV2xhikEw
9277,11/4/2009,DaJj6EINNLK5b7m9JTRu4A,qZBUKXcR06vdr8sZuROO3Q,4,1,0,0,N,0fFLUKl71vv3eNV2xhikEw
9287,7/5/2009,Z9W6TonJWaWqpyg-Y83ziA,-iyYLhvHtqTP9QeGVFTvKw,1,0,0,0,N,0fFLUKl71vv3eNV2xhikEw
9425,12/31/2010,szirePH2bwGtd1jRTfartw,BYnwIlS8JLkbd_2R-iDj_Q,5,0,0,0,N,0fFLUKl71vv3eNV2xhikEw
9503,2/21/2011,fwRhmWZvdMzY98rIIFP8cw,5dH0u6TyFcGR-ZJkayQ-sw,5,0,0,0,N,0fFLUKl71vv3eNV2xhikEw
9673,2/17/2010,klo5LjW9lk3X-aSGffpXNQ,HiRRJiu1JlGzOMGKYtYSCg,5,0,0,0,N,0fFLUKl71vv3eNV2xhikEw
9719,11/17/2008,watc2ESMHUgQzpLo,2alYLH_onoK1Sg0chu_EdQ,5,2,1,0,N,0fFLUKl71vv3eNV2xhikEw
9894,8/22/2012,2xoCOB6CgEH87ynhTcNOng,2jkNuD-IpAclCQ8PYpnOPg,2,0,0,0,N,5OtAmmypXvuTbkFBCziF_Q
9985,6/1/2011,TmxGU6dhkKDREXpGsBDJaQ,lA10eNxJNMIrORcILXG3AQ,5,0,0,0,N,8j97C2qR95tvpbGtoFxEAw
10041,12/13/2009,10o4-nfSE4PjjwgftLCLcQ,OzdqM7BbvL27AnrTZ27g-w,5,9,8,4,N,5OtAmmypXvuTbkFBCziF_Q
10052,6/17/2008,zQ6ZYCJ16o76MaONp,cyTUxM_W6ZfOvGzBQ4QvlQ,5,0,0,0,N,8j97C2qR95tvpbGtoFxEAw
10124,8/29/2010,dvoey7z1jhT9N84rwMpZow,R_-S1D_o0gAr5A-AOr36Zg,5,0,0,0,N,8j97C2qR95tvpbGtoFxEAw
10134,9/9/2006,mWWiTySV-Negpv01qbx1jQ,e0tmsUt9mO-Vo_feBF0Alw,5,5,1,0,N,8j97C2qR95tvpbGtoFxEAw
10150,11/8/2007,FAp6uFNZfCv77PS9dun8Dg,81HDZQjjbQpaejm1bEfPGg,5,2,1,0,N,5OtAmmypXvuTbkFBCziF_Q
10343,3/21/2011,Re1YCIpBTx-J65Mc313IdA,DAHMNDTMs1Q4PU59eEx_fQ,4,7,6,1,N,eHtnZ0ISo63_0zr9rFotjw
10425,4/28/2011,mBAoaAwfnxybJHNA9KVj1Q,5ivPN2NmNL13TPDAU1jjAQ,3,0,0,0,N,5OtAmmypXvuTbkFBCziF_Q
10573,3/25/2012,V58XBO,nkVHcZ6BAC1UyBDlmA8x1g,3,0,0,0,N,eHtnZ0ISo63_0zr9rFotjw
10662,4/17/2010,8WFSkP-Fr3Puj4jBW8SSlQ,ZsFF2j_Bkruztr801LWarw,4,0,0,0,N,eHtnZ0ISo63_0zr9rFotjw
10791,6/24/2012,s2P67DYYba5J8gyR-,vYmalihrHHJcFkNzMT2mvg,5,0,0,0,N,JMa9cTNQA5mm4GbR2W8Oiw
10848,2/21/2012,HyboCzwsy,2oeZGHwBrcN6_4gdos7d0g,4,0,0,0,N,JMa9cTNQA5mm4GbR2W8Oiw
10901,8/6/2012,2I73D9mx9fQbIx5ynp9euQ,jCGuGQuSsVUrt4vbQpfi7g,4,0,1,0,N,Z2nOMPedr7XYhgYhILJjEA
10955,3/21/2012,EsZW0LECthjJXqohSUb3JA,PSj6DtfUWk05SlideJXgPQ,2,1,1,1,N,Z2nOMPedr7XYhgYhILJjEA
11042,11/9/2011,MARyaGqQzrzL5fPW,hzmTQMkTGTUQ-aRdKAcUzA,5,2,3,2,N,Z2nOMPedr7XYhgYhILJjEA
11043,4/30/2009,sxHopAa5Q3HZEUodaOlBCw,XDDKqUzVXs1jHx2NsRAjXg,3,6,6,3,N,JMa9cTNQA5mm4GbR2W8Oiw
11067,2/12/2012,9j1bX2e-oKnraktBYM8Kyw,kMD0WKlZFyCGn1t9R0GphA,4,0,0,0,N,Z2nOMPedr7XYhgYhILJjEA
11123,7/25/2011,ijKQ5Y9rP8-bhrcPALeViQ,xbKUeM8ysndNYwmuZwvqjA,4,2,2,2,N,Z2nOMPedr7XYhgYhILJjEA
11158,3/24/2010,ATscbqK6DpGftMYPLGf4jg,oML3k825SaIJq6U6Zg2-vw,5,2,0,0,N,JMa9cTNQA5mm4GbR2W8Oiw
11295,7/3/2011,hErI8v8XFlzTM2OU5nfWnw,flulR0EJKs9sfX13M8_HQQ,4,0,0,0,N,JMa9cTNQA5mm4GbR2W8Oiw
11325,8/12/2011,oIfk5XDkt,UCrgJ6rs-qaQE9e0GrBdCg,4,0,0,0,N,JMa9cTNQA5mm4GbR2W8Oiw
11331,6/12/2011,fLIlhwXWjgXpOBAgq1sc7w,JRyEJiXMLFu6iu5sns3iQA,3,0,0,0,N,Z2nOMPedr7XYhgYhILJjEA
11348,12/12/2010,lR77Ueqjd7GSGSV,tcNfkr9GYMXmPYf0DEd-Fw,4,3,0,0,N,Z2nOMPedr7XYhgYhILJjEA
11351,1/12/2012,Gpq-yDHwatAg,ZDOBgeuhaqSJaEWtrZHpbg,5,0,0,0,N,JMa9cTNQA5mm4GbR2W8Oiw
11360,4/21/2011,S7JzQTasQoUxy,-dHGCQcq6QYaG63AwJafjA,5,0,0,0,N,Z2nOMPedr7XYhgYhILJjEA
11443,8/6/2010,3DX7DAo8Hs4DGIJY6tnj1w,Uv2w0adcdzDm_w5_zHZmYg,4,0,0,0,N,JMa9cTNQA5mm4GbR2W8Oiw
11511,11/3/2011,snGX23J,dhpiYmhVJLNKxjgZeiHHaw,4,0,0,0,N,JMa9cTNQA5mm4GbR2W8Oiw
11667,6/17/2012,oU,3USOz7zNw3M0DQGIjMMhiA,3,0,0,0,N,_b69OdBNLhysN1jFlYNQiA
11737,2/4/2010,55FBt9w10kW2-itoiA4IrA,LHpeOj5YP8mLrRpojZ4gdA,5,2,0,0,N,Z2nOMPedr7XYhgYhILJjEA
11756,5/8/2012,xJclgsQp-8lNF5m0cHUMWw,08wIbJCYDZoYdbkDAMAb3w,4,0,0,0,N,_b69OdBNLhysN1jFlYNQiA
11817,5/22/2011,N5b3C-t0WMrQJespRIMDBw,C5JKTHgaLIC2jbY7rRaR-Q,4,0,0,0,N,Z2nOMPedr7XYhgYhILJjEA
11884,2/21/2009,wu-tvMO9DnAj7wsguTkazg,OEm_4Ul7mThp558ibiTCpA,4,1,1,0,N,Z2nOMPedr7XYhgYhILJjEA
11914,12/20/2009,wpLuTrPx9WQGp56bR29gaw,MGPQVLsODMm9ZtYQW-g_OA,4,9,7,7,N,_b69OdBNLhysN1jFlYNQiA
11926,3/4/2011,IpBkx-MsToUD2wUF5dA4bQ,E1CquByGUFCyBBhtmpKwOg,5,0,0,0,N,Z2nOMPedr7XYhgYhILJjEA
11947,10/23/2006,JmY9jYkG07dS6Wk7qoTBgw,89yr7wNIk8TE03yKfTRLuQ,4,1,0,0,N,Z2nOMPedr7XYhgYhILJjEA
12029,10/1/2008,eEzz02BpLUoSSYiooaOcSA,ElRjPvF-m_N1VXwVK3GO4w,3,1,1,5,N,_b69OdBNLhysN1jFlYNQiA
12197,3/9/2009,mN,2g42CyH5j-VuDypkVhYcmQ,5,1,1,0,N,_b69OdBNLhysN1jFlYNQiA
12229,6/4/2007,4PJUM8TV0KAK,dypNVacu8V61h5fFDp38xA,4,1,1,0,N,_b69OdBNLhysN1jFlYNQiA
12337,4/2/2011,Xyc7KWyJ1ib4BUI40sDZmA,xC-foIzfeKs-_TVY1twL6Q,5,1,1,3,N,Z2nOMPedr7XYhgYhILJjEA
12342,6/29/2011,uB8udSqdH4EUZpdex6grqg,7jh7jV83Ys3F_BeAMFuA4Q,5,1,1,1,N,_b69OdBNLhysN1jFlYNQiA
12385,1/30/2010,MAPXAJ5MU4VA2lZEObeSuA,I2uUQQULlfiETuF0nkMQDQ,4,0,0,0,N,Z2nOMPedr7XYhgYhILJjEA
12417,5/13/2008,rl4kw8B4w1GOTg1j06T7KA,8fyLhlBorW5NB7lDJu7Xlw,5,0,0,0,N,_b69OdBNLhysN1jFlYNQiA
12503,6/17/2010,Y1Agxhu45zIzykNarH-qcw,E2WSKzR21Fg6iMsoba9S5g,5,0,0,0,N,_b69OdBNLhysN1jFlYNQiA
12589,11/2/2010,hXBiDCVpmWFfoq0,Al415rwz1K-hmSDM7CjGbQ,4,2,1,0,N,_b69OdBNLhysN1jFlYNQiA
12668,10/15/2009,VMDm8Z8t3U2PET,llKmxx_incGQQuQm0h7G1A,4,1,1,2,N,_b69OdBNLhysN1jFlYNQiA
12730,12/29/2006,LJ8GLmEMCwOvnrfMMPLa-A,_YPhfjny72TJfOYv2CdjNg,3,1,1,0,N,_b69OdBNLhysN1jFlYNQiA
12731,1/2/2007,B9R77,s1wmP_FxCtpApIZ3c0RqvQ,4,1,1,0,N,_b69OdBNLhysN1jFlYNQiA
12805,4/24/2009,sf,GyZorDqYoo8hTUcXUDN9yQ,3,3,0,0,N,Z2nOMPedr7XYhgYhILJjEA
12972,1/11/2008,NSIMUSAF7BNGA28mF2rTLg,mDG9oW77WRG6-fPGlppr9A,3,0,0,0,N,_b69OdBNLhysN1jFlYNQiA
13076,11/29/2010,Ms1bLefrdMWnx6kt3nZXjQ,XW52HYZ_YEsV7InBwKfhgA,5,0,0,0,N,Z2nOMPedr7XYhgYhILJjEA
13095,12/8/2008,rCVpASxRkX94Dc5iikMCrQ,XuLqPbrw24W40F9bONmYWQ,3,0,0,0,N,Z2nOMPedr7XYhgYhILJjEA
13122,4/27/2010,dfGoH0VmcQSQRN2DlrEy-A,nOs7s96Vmz9Emn7IIsLTeg,4,0,0,0,N,Z2nOMPedr7XYhgYhILJjEA
13138,8/17/2010,09ldgYD5pZcvKfmZzFhlGQ,Sf_zGR8Lu9kf9VYn0tw1CQ,4,0,0,0,N,Z2nOMPedr7XYhgYhILJjEA
13289,5/11/2009,BvcOFp7VJkBXAFdhknIUyQ,dhswvfKq9aVO4xMknuoO_g,3,0,0,0,N,Z2nOMPedr7XYhgYhILJjEA
13326,8/17/2009,GE1KS129fIg29Jys6tDX,fo8YcQMawFdZt4sslERq5A,5,0,0,0,N,Z2nOMPedr7XYhgYhILJjEA
13495,7/9/2007,h7CG,23imOLYZ7_ySPmf-lCOm_A,4,2,0,0,N,WaIbupMGDBi5B3SChsUH8A
13586,8/30/2010,fd3,W8O0HIIMY_PTxD8lIk5sDA,5,0,1,0,N,Z2nOMPedr7XYhgYhILJjEA
13678,3/30/2010,uzhAoNffwPhyWh,6UkBaNfSwL0kDyopx7agUg,4,0,0,0,N,WaIbupMGDBi5B3SChsUH8A
13720,10/9/2011,jLfaOtPvjpJTToxrpuSBXg,4VqpM7-1PQoev4u0cDiUdQ,4,0,0,0,N,WaIbupMGDBi5B3SChsUH8A
13772,3/7/2012,6f9AYLmodiGF2w-kBiErpQ,gr21sagHmGyVsSBDPOoAow,4,1,0,0,N,3Mx2PM7v8qjqhgF3cDXxbQ
13843,8/29/2011,O7-qRd3R1yOw3-6AVsTIVA,lTRdr5P664kWt4woydLbuQ,5,0,0,0,N,WaIbupMGDBi5B3SChsUH8A
13847,7/11/2011,HCpZ3e,QZrC4uhuZCwt9uXeg9uwnA,3,0,0,0,N,WaIbupMGDBi5B3SChsUH8A
13902,11/29/2008,rE5RNZSP0QNRcK3hek7o1g,ilPH0HCXr4yzcXz6SNPVsA,4,2,2,2,N,WaIbupMGDBi5B3SChsUH8A
13917,11/6/2005,kqBqbe9JaXY5ugj2v8RJEQ,BI4lPhrUpmEySIJUywjIjQ,5,2,1,1,N,WaIbupMGDBi5B3SChsUH8A
13921,3/15/2008,HH,tUhJozqSm1CjxF1qzUQV1w,5,2,1,0,N,WaIbupMGDBi5B3SChsUH8A
13928,5/11/2010,FFiXR49i6A62eoPNw1X1ig,yIj3DxyTtNr9gV-g--9oqw,4,9,5,4,N,3Mx2PM7v8qjqhgF3cDXxbQ
13946,2/1/2012,-GLV51XlGR0i9zUZdvA5OQ,ZnZEjrNzJYHaBeBVjE_MHA,4,0,0,0,N,WaIbupMGDBi5B3SChsUH8A
13992,11/29/2008,GaPZMStBzhsXaLnS2ymmIw,xr-bzh3URQxl7PTznT3W1Q,4,1,1,0,N,WaIbupMGDBi5B3SChsUH8A
13998,1/9/2012,6xyQqckpaJq9UtWdo,fu4gm0zFBxWS5Q_JfrcRUA,5,0,0,0,N,WaIbupMGDBi5B3SChsUH8A
14146,5/28/2009,cOSc8F4uvlyHlKE1Vs7Hxg,iagZ0VsgB8KROQHxMJa3PA,5,0,0,0,N,WaIbupMGDBi5B3SChsUH8A
14171,8/29/2011,PZxW44eM8hX6lwrvwb5m2w,MayNO9rO_D0wL-G51mcVPA,2,0,0,0,N,3Mx2PM7v8qjqhgF3cDXxbQ
14262,12/12/2008,NhmGIM2Fq,8Z2LMmmicFC4DHOzFzVhIQ,5,1,1,0,N,3Mx2PM7v8qjqhgF3cDXxbQ
14284,1/28/2011,MZBuJtXetkC9EjoFXdj16A,0omPd8_8w_vnMU3zAwgTbA,1,0,0,0,N,WaIbupMGDBi5B3SChsUH8A
14329,3/17/2010,TcXc3FScY0itWZwKkbMi-w,BqUIQ1vvd-V89IZornhb7g,1,0,0,0,N,WaIbupMGDBi5B3SChsUH8A
14525,2/5/2012,ndaweJ6YBfbs2Dmy0LzS0g,lJSsC_FshZE8h8_FAXoWhw,2,1,0,0,N,50gFzdVglOz88eFJ6v-26A
14563,4/23/2012,amh7XvtFkuDETvc5GvluWQ,ocKNqM0sim2LiB_jLO0IyQ,4,0,0,0,N,OKOfoisduqP24uK3WYvx7Q
14689,10/9/2011,9vTphe4Tyv5MxpLh6ai8gQ,i_fI-oMFET9AlSQDYJas-g,1,4,1,0,N,50gFzdVglOz88eFJ6v-26A
14733,2/22/2010,GtBPsM1,70WzR6h6CrGVx5Oc6jpsfw,5,2,3,1,N,50gFzdVglOz88eFJ6v-26A
14957,4/23/2011,d8aVo96o6z4790Vmkp7SQA,3KPlr7sw9zrdNA6nduEV6g,3,0,0,0,N,OKOfoisduqP24uK3WYvx7Q
14958,6/20/2012,c24umTsD9Qh9T3naV0d2Ug,ic-w_tW3Kf2TZBKVBrctgw,3,0,0,0,N,OKOfoisduqP24uK3WYvx7Q
15011,5/10/2010,KoTUEy53B4fOvLM3,05kZaCA4CvscY82HG6xTFA,4,0,0,0,N,50gFzdVglOz88eFJ6v-26A
15086,3/10/2008,xaKJPiDPMwxixEd6GxyjZw,QDg9npgY788PqF0GSUoyNg,3,0,0,0,N,50gFzdVglOz88eFJ6v-26A
15110,4/13/2010,dH,dt1n3wmyGvXiLIGav61teg,4,3,2,1,N,OKOfoisduqP24uK3WYvx7Q
15241,2/1/2011,cBTw4-xylyBJ5A8x5Ri4MA,YSF-1r2QeTCQgovcF-P8QA,1,0,0,1,N,50gFzdVglOz88eFJ6v-26A
15254,8/22/2008,zbFaaGM4yyP2SiQCg0rRpA,YeaQE--g8XQ2J8CxhCRZ3Q,5,2,1,0,N,50gFzdVglOz88eFJ6v-26A
15257,5/24/2008,qiEYw,SXlgPpu1tp5hA4gSNFooRQ,5,1,3,1,N,50gFzdVglOz88eFJ6v-26A
15262,6/20/2011,7Hrro7sMpNpawNe9J-wi3w,83oDgr3hUC9BfYiAnEG5og,4,0,0,0,N,50gFzdVglOz88eFJ6v-26A
15516,9/19/2008,GOLm-aKoUnN7Ed5,7_-hrsiWwj51sWfiudq77g,5,1,0,0,N,IuFEm-19YYh49T5ZlvwkDA
15536,12/11/2009,wN69DD03rh1laMO,nYYnZuLWrdNvLldsXlUuYg,4,0,0,0,N,50gFzdVglOz88eFJ6v-26A
15540,4/2/2010,IY3yPmo1Tuja56sl,RkWYdiLCzKXM0EcQjAySfA,3,0,0,1,N,OKOfoisduqP24uK3WYvx7Q
15665,5/12/2012,9712xDjVLGVA1dEvCy4obA,8zC8ywVgpBzbNutVkoWzoA,5,0,0,0,N,OKOfoisduqP24uK3WYvx7Q
15682,8/25/2009,6f2JWC3KCDZXRJAis0503g,sdxmWYxsG5UvlfaT1BeAgQ,1,0,0,0,N,50gFzdVglOz88eFJ6v-26A
15892,3/22/2011,zPvUYbhecT8Hc-G-EIHG7g,urj4QhiZkhoUA5mnENvubg,4,0,0,0,N,IuFEm-19YYh49T5ZlvwkDA
16120,8/26/2009,yovyrJEBDhsJgPCFujVqSg,QFBkUD0LUOL8DiM_7IDvRQ,3,0,0,0,N,IuFEm-19YYh49T5ZlvwkDA
16192,8/19/2008,2VhGPedn8bLeNJxK,6_ei5996DUbISOfvp8LgyQ,5,2,1,0,N,0-rkPnrTODt_veJ_nMVT_w
16240,10/16/2010,x6vZuOsEKFbO3AoKIQS0fg,ZE-R7z_7gOXGbAefomL98Q,4,1,0,0,N,0-rkPnrTODt_veJ_nMVT_w
16428,2/4/2012,yZtKQLwE3ZK1N0R,q93BvYeN3aDzSUNEWt3MgA,5,0,0,0,N,0-rkPnrTODt_veJ_nMVT_w
16464,11/3/2010,z0PPARwf-eLI4r2gjuqy8Q,rQkml9CWX8rVwpkOFnrU_A,5,0,0,0,N,OKOfoisduqP24uK3WYvx7Q
16605,11/20/2011,U9vJryvfLfqplgoj9l5KXA,cVb5_tVwrA8bFB1MUGUpzQ,5,0,0,0,N,OKOfoisduqP24uK3WYvx7Q
16704,12/22/2011,XFcpc2WA74jwU2ZeJ,4SJS_m-JXc0oASx6x5Mjkw,3,1,0,0,N,oEFJ29zAQaCNnQzebHQvpg
16712,6/1/2010,i7ADjDz55H2x7clsd,oPbH2zSPf_ogFmWUO8ZY4g,3,0,0,0,N,0-rkPnrTODt_veJ_nMVT_w
16780,7/3/2011,VLgGm7FNvtPCWWEJWwO4FA,P8coIDRb7x89GXHa1jqCrg,2,0,0,0,N,OKOfoisduqP24uK3WYvx7Q
16853,1/30/2012,r-VfAY-orChISn3HIUmBSw,eJAm3JCqPb26-Vxc_XIIKg,5,1,1,1,N,oEFJ29zAQaCNnQzebHQvpg
16859,7/8/2011,WeovvbEBKRoIYHDaA6-jiQ,-gnA4aesGpa4w9YPnWuV9A,5,1,1,1,N,oEFJ29zAQaCNnQzebHQvpg
16941,4/14/2012,WRsG7CTvUFJaL,iEMq4GpouZvqhT6wTx6hCg,5,0,0,1,N,oEFJ29zAQaCNnQzebHQvpg
17089,10/11/2009,k213PPM95WrWKo-HPmMiYA,dhZkTd9cxYIlagRwGguqsQ,5,1,2,0,N,oLM9piDKbj2PDgy-m3XEcQ
17126,4/6/2010,dMyO5aaBUJs-u73dgh9OXQ,emurw-4ZRB4ZzNPtkKW8dA,3,2,0,0,N,oLM9piDKbj2PDgy-m3XEcQ
17188,12/16/2007,bjgLuCUklZZ2RBjajBauow,Pe8WwCAsCPW32Y7dHxyeYA,5,0,0,1,N,oLM9piDKbj2PDgy-m3XEcQ
17265,3/21/2010,-lb-bicZjFQ2iMp6sTPHjw,YF1JCIbZ7aIZ8Osrj_ehBg,4,0,0,0,N,oLM9piDKbj2PDgy-m3XEcQ
17275,5/29/2012,XlL9z4mAW-Hlq,RU0FnaBjAqwhukCUDzvFMg,5,0,0,0,N,sfWMOqUEp8S2adDeJp7Kzg
17285,2/18/2012,ZieqjEj8FJzT30w0oLz-kA,LrxkrD5QCUhilhgPCOwefw,5,2,1,1,N,sfWMOqUEp8S2adDeJp7Kzg
17371,5/16/2007,iuyj-Y97DyOREJnLkD3-BQ,vmoV4bBSCZtqZTqqKnQNSw,4,4,1,1,N,oLM9piDKbj2PDgy-m3XEcQ
17405,9/15/2009,cvSO8N5cUYpQhc4uTbGL4A,c4IRvJVyqjZ-3I_XP_LcPw,4,2,1,0,N,oLM9piDKbj2PDgy-m3XEcQ
17487,11/9/2008,seOTkl99kzvmyZnv,STcVed4XoRqC67RpylCDUA,3,3,1,1,N,oEFJ29zAQaCNnQzebHQvpg
17600,5/7/2007,kou3ERAcrtoFbLjCBt70UQ,eQDp0YN-wyE8A-jV1RadLQ,5,5,2,1,N,sfWMOqUEp8S2adDeJp7Kzg
17609,3/31/2010,YOegkKFhhYqUjVX9ePWDgg,Lta4gndbbE4QKWbMn6Fmvw,4,0,0,0,N,oLM9piDKbj2PDgy-m3XEcQ
17617,2/20/2012,dJ36aZAwXfzUs9mX7p1r6Q,ma_6e5TlBtqp2mscxp9HqQ,4,0,0,0,N,sfWMOqUEp8S2adDeJp7Kzg
17671,10/23/2011,iOVBgZVMILeF1WTpqPYgaQ,Gr4Joq8OPdiL5uSjIYounQ,1,0,0,0,N,oLM9piDKbj2PDgy-m3XEcQ
17728,5/2/2011,LQ4ZcINoZu7qCb4EMUennw,mfvwrWcGFBte-1CuP6DzLg,5,0,1,0,N,oEFJ29zAQaCNnQzebHQvpg
17877,8/20/2012,gEaMlvdVLSde5bR0OeSF6Q,pdMBNABB6ISbXu4ou4mHUQ,1,0,0,0,N,dLS8GPg-K1O-zJ3VJAtiyg
18041,6/15/2010,OcCrD4AFLvrm7YD0RaWwBA,OrZ-FZ0fnID6II65HuCFhw,5,1,1,0,N,sfWMOqUEp8S2adDeJp7Kzg
18110,11/6/2011,P7VF-Ug9O9BDHK47bEuUuw,aObzb7bnSpqnQBautgTPpw,5,0,0,0,N,sfWMOqUEp8S2adDeJp7Kzg
18213,8/24/2009,CJ,5qrAunC4UHcG4jNQPfv7fA,3,0,0,0,N,sfWMOqUEp8S2adDeJp7Kzg
18261,7/26/2007,u3ISyOA7oyoLmQf1cQvhfA,OL1e9m0NmDuQki1fOJuUOw,4,0,0,0,N,oEFJ29zAQaCNnQzebHQvpg
18331,5/18/2009,ra1O6HD6FxlT-aCv9ZuLxw,ABmwz2hyJvLejmOtMrW0kg,5,0,0,0,N,oEFJ29zAQaCNnQzebHQvpg
18349,8/7/2010,NZ16V33BPVit6Y2ha0n1ag,64D9Ax7fQ5tbweQKXLOcUQ,5,2,0,0,N,dLS8GPg-K1O-zJ3VJAtiyg
18352,11/1/2010,DP6s,kW2dk1CWihmh3g7k9N2G8A,4,1,0,0,N,dLS8GPg-K1O-zJ3VJAtiyg
18396,12/29/2008,pAo-ESOrgd0r0vlm2ltX4g,EL7x3-RyYsOXb1TAUhoz9w,5,1,1,1,N,dLS8GPg-K1O-zJ3VJAtiyg
18411,3/4/2008,A8FL2Vj6wyssR9YwIxyMWg,WPPJPnX8KUghZqMdvNwPSw,4,1,0,1,N,dLS8GPg-K1O-zJ3VJAtiyg
18485,10/23/2010,HGHNoL-2HoMmrNlSOI6rbA,edWTFOzip6DF1mgmGu6TTg,4,0,0,2,N,dLS8GPg-K1O-zJ3VJAtiyg
18509,12/12/2009,tuUMTdCoPO0C06yvvJy8Ww,_kuVp90bMPcU7Uf1ughCpA,5,0,0,0,N,oEFJ29zAQaCNnQzebHQvpg
18580,5/22/2011,ej7f-nAYZva94A3JWVSVUA,cyTUxM_W6ZfOvGzBQ4QvlQ,5,0,0,0,N,sfWMOqUEp8S2adDeJp7Kzg
18589,5/19/2008,trpldhMlm,kaG2Va1ee7YyRy-TB9Lulg,4,3,5,5,N,oEFJ29zAQaCNnQzebHQvpg
18613,8/29/2011,hkStiILTBACqhKXJiym42g,9gVRL7cFWPRRlTsi1x5vMQ,5,0,0,0,N,sfWMOqUEp8S2adDeJp7Kzg
18675,12/19/2006,XTtZn-PZlHYeX1arx1KNFg,buByBlzmDlrlU4034pNhkg,5,2,2,0,N,sfWMOqUEp8S2adDeJp7Kzg
18768,7/27/2008,BdN9TmNK-Y,UgyX1tSESlbSkYh3xLt0TA,3,1,1,1,N,sfWMOqUEp8S2adDeJp7Kzg
18773,12/1/2011,0GMDmQ2USFptGzHi7hivsg,DKMpCblFCdILcym7l7vvxg,3,0,0,0,N,sfWMOqUEp8S2adDeJp7Kzg
18774,4/6/2009,12aDLoCo96G8sp8FA,IVNzKUVRcKA7eWnoSF_2RA,2,2,1,0,N,oEFJ29zAQaCNnQzebHQvpg
18872,4/19/2011,uWAa9VSSsdsHYrrwlGSImA,UEFZK8o43ASN-8N0ij3-FA,4,0,0,0,N,oEFJ29zAQaCNnQzebHQvpg
18906,4/8/2011,wjbS2cjNktkh,uSHubhwX_PK6LaFDtVmhrQ,3,0,0,0,N,oEFJ29zAQaCNnQzebHQvpg
19078,1/6/2010,4tR3VyT2o,CtCEdl4duhCD8a3ws9lTDQ,5,1,0,0,N,oEFJ29zAQaCNnQzebHQvpg
19085,2/5/2006,S2K97Yz-hBscr-eXopD0uw,7pmlFlxzve-GSJXF3UL0Tg,3,0,0,0,N,sfWMOqUEp8S2adDeJp7Kzg
19112,11/29/2010,LOxvrRjFTpJQRS6gQmDUDw,3PxCQyEpX9KLehEw8VVQ4g,4,0,0,0,N,dLS8GPg-K1O-zJ3VJAtiyg
19201,8/24/2010,AQ--z,QZrC4uhuZCwt9uXeg9uwnA,3,0,1,0,N,dLS8GPg-K1O-zJ3VJAtiyg
19355,1/4/2012,bSY,bs0tzok2LQ4zNrOe7PQYVA,4,0,0,0,N,sfWMOqUEp8S2adDeJp7Kzg
19461,6/12/2010,qvnyerAXRnt8jRuGG00hoQ,vUNZN2FVq1bF-5AldzO0pg,5,1,0,0,N,sfWMOqUEp8S2adDeJp7Kzg
19561,11/17/2010,nb9cON3DePTxiUddbsIKhg,TnPIPgggFT5zRlkGsWBUUw,4,0,0,0,N,dLS8GPg-K1O-zJ3VJAtiyg
19659,11/4/2011,-karLLiPEi3jioX1cdMWeQ,e5rJc3ZVIdoSMOAhWpuoMQ,5,2,0,0,N,NGfbRjWoqUh2fGw8DU_pmA
19766,8/16/2012,F1NjNl9mZscw7dyKsmXIuQ,Xx3l7I6wONwY1rCXXebgEA,4,0,0,0,N,jGiKIJCVLZHXQDSNnSLPsw
19936,10/5/2011,BfKUp,Yn7aOCcqme-0oDT4sZ3xRA,5,0,0,0,N,GEpXn9rtTMtIj5NsGFiNQw
19944,7/24/2012,n4o8u7DBljroifxuI2ix5Q,S3v2L43KNkKPNm_IcZ3T7Q,4,0,1,0,N,jGiKIJCVLZHXQDSNnSLPsw
20036,3/6/2011,qVhERIkruZthTq,488KrW58ryVduy0Me8DRxg,4,1,0,0,N,GEpXn9rtTMtIj5NsGFiNQw
20050,3/31/2012,S4PDAqAu5yxj5yuhGb2RMA,yadqF8nRHYBvdZi6zJ7bfA,3,0,0,0,N,GEpXn9rtTMtIj5NsGFiNQw
20112,9/6/2011,Mv99JYQaAu0NP,OkWJlHSawN5kQGp9wZ5vLQ,5,0,0,0,N,NGfbRjWoqUh2fGw8DU_pmA
20125,11/4/2009,ySSk-,FxN0jgrYECmFW3ZWlKETAg,5,0,0,0,N,NGfbRjWoqUh2fGw8DU_pmA
20243,12/28/2009,vg5lYy3rxFuBE-WuTpgqzg,txdlWuQvtbqew_2tP002RQ,4,2,1,0,N,GEpXn9rtTMtIj5NsGFiNQw
20317,3/26/2009,lwnunOaluc-hsomNICtAkw,te-2N9AX8OaycfYCURFExA,4,0,0,0,N,NGfbRjWoqUh2fGw8DU_pmA
20359,12/22/2009,oUuVnbuncwpmL-RiDWmj3A,L0oD-6c28WOMsDBCN_EyzQ,5,0,0,0,N,NGfbRjWoqUh2fGw8DU_pmA
20376,7/22/2011,JyeKwaHnq-rUxcUxBtZ7,YgFLseIkjBNjyHL4E5do3w,4,6,5,5,N,jGiKIJCVLZHXQDSNnSLPsw
20422,8/11/2011,zHfAFjBEyGBdtoCxgxLNiw,ebC_pH92K4uxyDenoXb5bg,5,1,1,1,N,jGiKIJCVLZHXQDSNnSLPsw
20434,7/24/2011,YbJ,tVcLhjhzq7YwUIU-HgQ95Q,3,2,0,1,N,jGiKIJCVLZHXQDSNnSLPsw
20466,7/25/2010,VoG650WOMeAdXovysTLgjg,HVmudhmdkuGYR0EWZmA5Zg,4,0,1,1,N,GEpXn9rtTMtIj5NsGFiNQw
20570,7/29/2012,7lZ9,YFyn3Vq4PEP-GlC4MRsJNw,3,1,1,0,N,vvhfPV-Llkd4fE2SHuLVvA
20625,4/28/2011,vKWJkhFuM4gEQt2b9-g1Ng,mRVVrrEznlR0L-JwhIk9Dw,5,2,0,0,N,jGiKIJCVLZHXQDSNnSLPsw
20661,10/15/2011,RetDqxyDFtXS3eTkwlKW,Vj2udvYwsGmFlicAQ_ewjg,4,0,0,0,N,jGiKIJCVLZHXQDSNnSLPsw
20666,8/29/2012,hAIUBiO4SitbChUBqnc4ZQ,k3fBjEZYCugFaKTHQ4VnSA,4,0,0,0,N,vvhfPV-Llkd4fE2SHuLVvA
20732,7/22/2011,Ekpz9cIPiWctATq22mQ72g,K1mas1AjV3K2Dao2N6hKiA,5,0,0,0,N,jGiKIJCVLZHXQDSNnSLPsw
20754,3/4/2012,RL7eb9wKjNEvcg6yEnbdWA,rrusb2GEbuhUR-JUkvxMGw,5,0,0,0,N,GEpXn9rtTMtIj5NsGFiNQw
20791,2/4/2010,9K6-fMNfBk17AFpb-Dn4Mg,WgLLx9qpdZ3GrHkPQ9qzng,2,2,1,1,N,GEpXn9rtTMtIj5NsGFiNQw
20819,5/13/2011,j9jOE6Ix9H,dW-AHJzZCgtcPF1saYP46g,5,0,0,2,N,jGiKIJCVLZHXQDSNnSLPsw
20907,4/26/2011,l9z-qnBS52d41GCMtSYFNQ,QLGrFmUwWFDbaJ3NQED0Qg,5,0,0,1,N,jGiKIJCVLZHXQDSNnSLPsw
20953,10/14/2011,MjG8HN7vovAVDBWS9hxwRg,PmKPzUvzvXJTcj9vs6ztzw,5,0,0,0,N,jGiKIJCVLZHXQDSNnSLPsw
21085,12/4/2011,bBwotilovDDhUpE1VPL,M45s-EOwK4H7zT51uGxbvw,4,0,1,0,N,jGiKIJCVLZHXQDSNnSLPsw
21094,10/17/2009,N4ro189JOWmo21hEtxG3oA,ZZCOiXEh_ImHsAJRkjL6hA,2,1,0,1,N,GEpXn9rtTMtIj5NsGFiNQw
21242,6/19/2011,Zu8AK8nDtZAes3y2akKCng,SYcEgQirxijvz4CGLmuuow,4,3,3,3,N,mlhHPnHmjO2_ypcP5Vc9Zw
21402,10/16/2009,gMtCHouprTaiAWMKht6yQw,TQxHjl_1949vxag-G4uRzw,2,2,2,2,N,jGiKIJCVLZHXQDSNnSLPsw
21521,5/13/2010,DcV1mzB,T_mYYbm8pz1njnkm0-umcw,4,2,2,2,N,jGiKIJCVLZHXQDSNnSLPsw
21618,4/21/2010,Pn5MdxWOBNEwmTqIq4MXhQ,LJThzWBzi78rsU3DkZYIUw,5,1,1,1,N,mlhHPnHmjO2_ypcP5Vc9Zw
21662,8/10/2007,1nXdelg1aGwjpPvcGwPa1A,HjqA-ENT4bS71nfBFWQY-A,4,1,1,0,N,vvhfPV-Llkd4fE2SHuLVvA
21729,8/9/2010,4ylpHe6ErNtKPpKaDcWEBw,nT9TdWPDy7vAu13CetfNYg,3,4,4,4,N,mlhHPnHmjO2_ypcP5Vc9Zw
22092,10/14/2010,gltjDb8kaXsfo2Uw3Soq,VyzEjq3r5vB4jslmH9le1A,5,0,0,3,N,jGiKIJCVLZHXQDSNnSLPsw
22393,3/8/2010,26mz2FdTQZ0R5OdamYNNsg,9-EYqMUzJg4KPiKJGXT_Iw,4,0,0,0,N,jGiKIJCVLZHXQDSNnSLPsw
22515,7/7/2007,ZKjx78HUvtPv9bHQBUmRQA,-_JoxpJkVwqDEH4uFmNJfg,3,1,1,0,N,vvhfPV-Llkd4fE2SHuLVvA
22577,3/11/2008,iXf9JNVrJL0fmh82LBftQg,es9FwmRCAeoQiZSQvQZnSQ,4,0,0,0,N,mlhHPnHmjO2_ypcP5Vc9Zw
22619,5/28/2009,gK-J7qdLcT409i-l,CyzasYHRqtKkqnhiEzrq-w,4,0,1,0,N,vvhfPV-Llkd4fE2SHuLVvA
22692,2/3/2009,3QonmFj,FqyK42jubQUO3uYT0qzvdA,4,1,0,0,N,mlhHPnHmjO2_ypcP5Vc9Zw
22738,10/14/2008,3qBsZHynBmi4no0eyvHoWA,yKebO15AHBku63DiYBOX8w,4,0,0,0,N,mlhHPnHmjO2_ypcP5Vc9Zw
22802,6/29/2008,RRi2TMwO3XnmAqwOvoIJOg,FR55RzA1BswkDlCXYnbKcA,5,0,0,0,N,mlhHPnHmjO2_ypcP5Vc9Zw
22998,6/12/2009,HZsFgo,k09ntvKrfeOjNRJOGDwmnQ,5,1,1,0,N,vvhfPV-Llkd4fE2SHuLVvA
23005,2/17/2009,n3FcONltaVqcsYky8WhEXQ,XQhV9GZPUwE9o7J-WJ0kIw,4,0,0,0,N,mlhHPnHmjO2_ypcP5Vc9Zw
23021,3/24/2011,Bns45UW0-vIyfOfYS6M14g,WkFH-1KrpqaJc2kGEbwQ6g,3,0,0,0,N,vvhfPV-Llkd4fE2SHuLVvA
23121,3/9/2010,2IlUpsOMjDXnUenN,boqnsqHGzPCN-Ov5L6_lZg,4,1,1,0,N,jGiKIJCVLZHXQDSNnSLPsw
23145,5/18/2011,rhUebWqQ96N28Fv0DpjJFg,IOIWtm13gnn5ar9IMOdL0Q,2,0,0,0,N,vvhfPV-Llkd4fE2SHuLVvA
23156,10/10/2010,lVW8aYnJ3PbuHbIJK9hoHA,EeAqCDa8r-LFs2lYlgVQbA,3,2,0,0,N,jGiKIJCVLZHXQDSNnSLPsw
23257,11/7/2011,pGJc,DC3dWmmiExUeil94ns4TDg,2,3,2,2,N,FCcgXODBs6O7MGH3VZNyLQ
23425,12/5/2010,GP9X,q5KUiBkq_zHdr-AAQH9TuQ,4,0,0,0,N,jGiKIJCVLZHXQDSNnSLPsw
23437,2/4/2011,PYqY7pPFSnK0Z4RPcLoHYQ,gm8s369GjvqHzLUw4VNVYA,4,0,0,0,N,jGiKIJCVLZHXQDSNnSLPsw
23439,2/3/2011,VtTQWi4qYMyYTGF8VD-W3w,YAssKb5rfxDYllAHpump4g,3,0,0,0,N,jGiKIJCVLZHXQDSNnSLPsw
23445,5/16/2012,5rmcHGxPYjrcFr68Ntyi8w,Igvgszlbl6Et6H4tQSbjwA,5,0,1,0,N,FCcgXODBs6O7MGH3VZNyLQ
23566,8/12/2007,iSHjKXw-KWTMIz,YYgDMsq5XGwHjeyeyNN_7Q,3,4,0,0,N,FCcgXODBs6O7MGH3VZNyLQ
23673,12/21/2008,CFPjzJwRO5b565qduYROPA,4rllndtbWasmhbKpa6YLww,4,2,2,0,N,xXSMc3pDWTRQHLgjBTtTUg
23684,8/28/2006,Uzg4k8Ksa-3dVi4l4OyFcg,OEIIgrgvjaXN9ov08kHeUA,5,2,1,0,N,FCcgXODBs6O7MGH3VZNyLQ
23759,12/18/2009,4x1X1aW7R5107otpPVYnHw,HFj6tAGbKUtfnBVt9GFXoQ,5,0,0,0,N,jGiKIJCVLZHXQDSNnSLPsw
23796,8/29/2010,nrUPQ0YCeCpPVUVQXqkHJg,eBWor6S8e2DFZ6iFFi1hAw,3,0,0,0,N,jGiKIJCVLZHXQDSNnSLPsw
23859,4/30/2006,4G6Hp5Y9GSr1YD1XHhU4wQ,8nSAbI-nUi0GavThHTEkJQ,5,1,1,0,N,FCcgXODBs6O7MGH3VZNyLQ
24117,3/13/2010,-45ACF6BnP1YFu3ikhZKhg,7Uc8tiz_j9LAEZCQWV8TgQ,5,0,0,0,N,FCcgXODBs6O7MGH3VZNyLQ
24128,9/8/2012,jNuYMSze2tP5QgZ4R8OjFA,JIUl9STS4PhV8EdiKmUUUg,5,0,0,0,N,F7IQngaDDBgYvhA3U31q-g
24211,1/6/2009,blVrLNnCNZGY0kB7r1P3gg,0PN7qzyXXSaV2qBhhac2rA,3,0,0,0,N,FCcgXODBs6O7MGH3VZNyLQ
24281,7/23/2011,r-CuazUTwpNyBKpGbs34RA,eWGRP4XTcbib0_ovYxKAfw,4,0,0,0,N,FCcgXODBs6O7MGH3VZNyLQ
24284,2/1/2012,wjpmrFNqS9F3DOFQ7inYkg,kv2eBoS_nHGGcx2uUJQ4cw,5,0,0,0,N,F7IQngaDDBgYvhA3U31q-g
24534,12/13/2011,Rz4,15nD50SrNJN8E5DYDa0GWQ,3,4,4,4,N,yBRaSkuYwFhYEoucDyD0lA
24649,3/10/2011,OLu3sxhOckJek7wV0kLrGQ,DhBu8qqXHqVVZGx73NFzpQ,5,1,0,0,N,F7IQngaDDBgYvhA3U31q-g
24674,9/8/2011,f8jYJggaZl0VhFz-wi36rg,cP_qhrpYHBbwJFkQjXwffQ,1,2,1,0,N,yBRaSkuYwFhYEoucDyD0lA
24696,5/8/2011,GALyyzyMu63qfJcqs1VQHg,UVzMpDTuzi15UGawuAqmGA,5,0,0,0,N,FCcgXODBs6O7MGH3VZNyLQ
24702,4/6/2011,0EZylEdv6D9yUILtql6HiQ,wDiM8hHdbXPY47Me32XVqQ,4,0,0,0,N,F7IQngaDDBgYvhA3U31q-g
24714,1/15/2012,Ejay,QwROtBMA_knjSRsvCA9T_g,3,0,0,0,N,F7IQngaDDBgYvhA3U31q-g
24755,7/9/2012,4UgIZOOSvfEfThte,a2uT71Zkj_nJbG_aA3fz0Q,5,2,0,0,N,yBRaSkuYwFhYEoucDyD0lA
24877,4/6/2011,e1EHOdWR1h-zTwPYrks0Ag,X6PZiFaqe6HTm2yVSbW_pQ,5,0,0,0,N,F7IQngaDDBgYvhA3U31q-g
24935,11/29/2010,kgj8tbMMgAz1SLX70K82Dg,WAccH5eDw4PqXSud7Q50yQ,4,1,1,1,N,F7IQngaDDBgYvhA3U31q-g
24971,9/2/2009,YIxooEBOkjj9a7e4I6GIoQ,3MpDvy5gEdsbZh9-p92dHg,2,1,0,0,N,_UJ3KqtHIHjExbAg-iIGUA
25085,11/18/2011,GJKReJJONQ9DzhQkCpY-oQ,jfpqJpSwQnL-6eblk7hIhQ,5,1,0,0,N,_UJ3KqtHIHjExbAg-iIGUA
25246,9/26/2007,-h80hVxMGkDKEznGXVhAgQ,CA_sMOh3B9a8JHrHtZzfcA,4,2,1,0,N,yBRaSkuYwFhYEoucDyD0lA
25250,3/28/2010,GuFn1YjZMzCfS-wqVrFVWQ,-NF_GtaaanlNjHV3MfJ9pA,5,8,7,6,N,yBRaSkuYwFhYEoucDyD0lA
25254,9/25/2006,CGhHJnC01GLsThjAh5z2GQ,ryNLy69uEwBSGQfSl5ZXzg,4,2,0,0,N,F7IQngaDDBgYvhA3U31q-g
25261,1/16/2008,1-8nU5B040gmbGTpnfhltA,KD40tv9gfvXd7cimY8JnZw,3,2,0,0,N,F7IQngaDDBgYvhA3U31q-g
25267,12/15/2008,UXnE34DJCMhGEkUhZxVBOA,Ur9Whpq9zjVidjvVzdjgjw,5,2,0,0,N,F7IQngaDDBgYvhA3U31q-g
25345,12/23/2011,XutTYjFwlTmQQkqZTN6uPA,2aQxVkAV0ON0Fwvbslorwg,4,0,0,0,N,F7IQngaDDBgYvhA3U31q-g
25354,3/7/2011,EQTHgYZ,uEinR9q2t_aOe5lxXeAXSA,4,0,0,0,N,FCcgXODBs6O7MGH3VZNyLQ
25375,8/20/2010,VFRhrmdNAp,ZxCXhyVB7V4eXBqRSQYhDQ,5,4,1,0,N,yBRaSkuYwFhYEoucDyD0lA
25434,1/29/2010,84BEkuEoGUz16lxng2caFQ,U-g8HQfHWMyIp1r3_KwrTA,4,0,0,0,N,FCcgXODBs6O7MGH3VZNyLQ
25615,7/27/2007,YkZgE-KpUIvW5YJpmuT,6XFSZMu2o4Sp2zoyc4YPeg,4,0,0,0,N,_UJ3KqtHIHjExbAg-iIGUA
25799,4/15/2010,DCb,BPZ-YBLdC2SY9fi8JgVX7g,4,0,0,0,N,F7IQngaDDBgYvhA3U31q-g
25873,2/10/2006,SGt-fGpulyKt-ld2cjS8Iw,HNdq0IRk_iJz2nuBWrc81Q,2,3,2,3,N,yBRaSkuYwFhYEoucDyD0lA
25875,2/1/2012,0cJBYvCkl649JVPrDH0QHg,etTOIatp2zCYzW3IdSY98Q,5,0,0,0,N,Rlg07N7Sl1qTzjc7zc6Whg
25912,8/19/2010,AOjc6A2zFuBwoOQqtUSW1g,QHHpx7OWF0kdFmij1eg3JQ,5,0,0,0,N,F7IQngaDDBgYvhA3U31q-g
25919,11/5/2011,yhbHIstuKGAx-,_yjCTWLxlM-eVPwPCjeR-A,5,0,0,0,N,F7IQngaDDBgYvhA3U31q-g
26023,6/15/2010,g89LOFQcmkZtEcNF5jPG2g,Xv7X84EecX778wlkjR5n4w,5,0,1,1,N,_UJ3KqtHIHjExbAg-iIGUA
26033,1/17/2010,OHhBd,bIUZPQAs65JrAxBDcGsO4Q,4,0,0,0,N,F7IQngaDDBgYvhA3U31q-g
26163,6/6/2009,CYP2jDtMfKxPiAe5UVks,CHPnwzBghMzo3dauLqzmYQ,4,0,0,0,N,Rlg07N7Sl1qTzjc7zc6Whg
26180,8/4/2009,19XSE6hEfa7PHe81omcR8w,P0w2BVKVbYg-0SrnAsZgGg,4,1,0,0,N,yBRaSkuYwFhYEoucDyD0lA
26246,11/1/2009,ooA4XUPoMu9yqK3utm,yOWkp40NHwXODpHf-8T2IA,4,1,0,0,N,yBRaSkuYwFhYEoucDyD0lA
26256,7/22/2008,1YEcwuCgZgJ8,iGKH9qzcqu9_co4epKeoyA,4,0,0,0,N,_UJ3KqtHIHjExbAg-iIGUA
26285,12/19/2008,j7-luFpVICHBKx06J0VpIA,VyRICVwE3VfGynw5ly2oBA,4,2,3,3,N,Rlg07N7Sl1qTzjc7zc6Whg
26296,11/4/2009,jsNo8X6rFXpSzcDblWzUsA,e2qr-1eYo1y5FxuR6SGJkA,4,0,0,1,N,_UJ3KqtHIHjExbAg-iIGUA
26518,12/3/2011,zF-LGJN2h12NLSqAL2OsQw,4Oua7O_IsDvhWxa25wk_WA,5,0,0,0,N,yBRaSkuYwFhYEoucDyD0lA
26634,5/17/2008,NRpTmtQYGfs40icq1FDxZA,9M0Ab-vP77Dq4vG9qH1v_g,4,1,1,0,N,F7IQngaDDBgYvhA3U31q-g
26642,8/28/2012,KJolcVCxtoLUX09oerO7,0Imi6Oo5r5hFOEqyGcS8hw,5,0,0,0,N,o4NcUfco7JxOcyfKFWyAhg
26720,5/1/2012,sKmN13EuRMjGGcQV6TD7aQ,XvszsC5leI1_bJnKN1ZuIg,1,4,1,1,N,hylBw5ND7XyPldM6BN28vw
26774,8/15/2012,lhxzCtUudORWRF6LzGTunw,lxLvaKzRcN-7gtxyywgRbA,4,1,0,0,N,UQ3cGi3GdBljE3i2_qLcBQ
26832,3/27/2007,GuVGkDFDOls8JpOUfqTqVg,YUJynKwaBKKh3E9E5MNIgQ,4,0,1,0,N,F7IQngaDDBgYvhA3U31q-g
26860,8/3/2009,ui6PA,2wEk4aupLBXiNX1TK8TeFg,5,0,1,0,N,F7IQngaDDBgYvhA3U31q-g
26930,3/4/2012,XzwxF3xQf1ub-hWX32SKZg,0T2JPCikLwSq5d7gWP21Pg,4,1,0,0,N,UQ3cGi3GdBljE3i2_qLcBQ
27067,1/3/2011,USVI-NNilrZ87ldPKZ6Eyg,Upm_bCPQMo4XsK7kKBUmxg,5,3,2,1,N,UQ3cGi3GdBljE3i2_qLcBQ
27078,10/29/2009,H8VETGXR8h1tWZSBLv2G-Q,t4BFU-YI1d52zt7nVZvPjQ,3,0,0,0,N,F7IQngaDDBgYvhA3U31q-g
27220,11/14/2008,3JFgmDHY46YhyMvNRcwVgw,yIY0T0sBCBz8w9CVolZPVw,3,0,0,0,N,F7IQngaDDBgYvhA3U31q-g
27230,3/2/2009,zCDMtyEj6SCqYksS5PIsgQ,tIKh0RVvws18czbTQ_48kw,4,0,0,0,N,F7IQngaDDBgYvhA3U31q-g
27365,12/13/2011,KCvk2gcGdtt4QmtcbpcMYg,6GnXS__T-7tAbB-C1-byeg,5,0,0,0,N,UQ3cGi3GdBljE3i2_qLcBQ
27468,5/6/2009,POvaKGCZvnHrJxOrcX1nSA,KXWFrYkMV14huxmytWQ9Tg,4,2,2,1,N,o4NcUfco7JxOcyfKFWyAhg
27600,10/14/2007,XmYFGIOe7bwxJWasCVslHw,WZq0FC-0HS6_R4pKUy_3Ig,4,2,0,0,N,hylBw5ND7XyPldM6BN28vw
27640,8/13/2011,vZhFqNp3tEQ9nXrn4,lTRdr5P664kWt4woydLbuQ,4,0,0,0,N,UQ3cGi3GdBljE3i2_qLcBQ
27664,8/27/2012,cKcK93-HXXlV7,Qjrn5UsK2HBZxx40HYA1iQ,4,0,0,0,N,DXwSYgiXqIVNdO9dazel6w
27727,2/2/2009,JtMWueomUwwBChHiJFnOmg,uwGW825rtp_Mao48a_xzhQ,5,1,0,0,N,hylBw5ND7XyPldM6BN28vw
27791,11/24/2009,tFlULSix-FC9JCaeQFMqWA,GoWRHMIoJ_0anXEJsyKtxg,5,1,0,0,N,o4NcUfco7JxOcyfKFWyAhg
27827,3/14/2010,obCqIOD0mP018hwbkg-T8g,Fgqi7v3AzUb1XmjNDjWd8g,5,1,0,0,N,o4NcUfco7JxOcyfKFWyAhg
27855,5/21/2012,BIr0CEpfx3TJ,f4d-dzblpmtjvtfxJ7WArA,4,1,1,1,N,DXwSYgiXqIVNdO9dazel6w
27860,4/6/2012,C-E35XVj,0hMC8tPtc_K_ACAj7pss_Q,5,3,1,0,N,DXwSYgiXqIVNdO9dazel6w
27891,2/24/2012,hiXjUmxNCEM7HF0xLDuKfw,LhdIGJbwAgfslLaruuQq3A,4,1,2,5,N,DXwSYgiXqIVNdO9dazel6w
27905,10/20/2010,3zL3zBRlRS0bE6P-90-mew,W8k7EsrYWpCUWKnspdh1Lw,4,0,0,0,N,hylBw5ND7XyPldM6BN28vw
27974,3/23/2010,bHJigSusnO6IhJdwtLFuiA,kEYZ7yrft6whpOjAOLrOGA,3,0,0,0,N,UQ3cGi3GdBljE3i2_qLcBQ
28043,8/14/2012,zeZImOCmS7C72Qwqeye5eQ,A1oiAxsG2kCwm1VRZVF81Q,5,0,0,0,N,DXwSYgiXqIVNdO9dazel6w
28082,10/13/2010,TpXTQJ8d-uiUODEa82eJpw,VK5rKYuHQWKHKVod7I4gqQ,4,0,0,0,N,hylBw5ND7XyPldM6BN28vw
28114,11/16/2011,fZpVkd9t0iSsDHQMvRdy4A,PDsmu16trBxo7rH6ouIgZA,5,1,1,1,N,DXwSYgiXqIVNdO9dazel6w
28138,8/5/2011,V2O2P60-li1VfhtG-t-PnA,-f3XN9UF7OmjICSDXUaA5Q,2,0,0,0,N,hylBw5ND7XyPldM6BN28vw
28141,7/2/2008,1MIW3Hen,0ReZotbVCzM55hgP8b7Hjw,4,0,0,0,N,hylBw5ND7XyPldM6BN28vw
28275,2/22/2010,kpPDcHqFrrmvHxoSj2k9fw,UsXqCXRZwSCSw0AT7y1uBg,4,7,8,10,N,hylBw5ND7XyPldM6BN28vw
28280,8/21/2011,fv4r3WLJFLBIMSptag8i8A,PUr6USZSrR-uyL6ESsSQpw,5,0,0,0,N,hylBw5ND7XyPldM6BN28vw
28375,11/9/2011,I05VqPM0t5u9jHJSb9mnyA,c4SUbgZ-biJif9rToJ4B1Q,4,0,0,0,N,DXwSYgiXqIVNdO9dazel6w
28394,3/9/2006,-yl-iNZk,n4dM_DhqPw9NopSSgMm7VQ,4,2,1,0,N,hylBw5ND7XyPldM6BN28vw
28412,1/6/2012,BC5j9BfZjwmgaSN5rPnjCQ,aYAfJgD_RqCqKcASPG6M9Q,5,1,1,1,N,DXwSYgiXqIVNdO9dazel6w
28453,2/10/2009,4u-mYKOJ7dgOrUbGTtctkQ,bBfFWhPxKT9zVP1nbwZabw,3,1,1,1,N,hylBw5ND7XyPldM6BN28vw
28497,10/29/2010,BI,wiUTLIYjMa4R3xlc4f-29g,5,3,0,0,N,N7juvW8YoFIj7sEBzVF8GQ
28524,4/11/2010,RfbKSz7mzkNJtanHENFtwg,iz-2dc1L2eB567Cck0lKZQ,5,4,0,0,N,N7juvW8YoFIj7sEBzVF8GQ
28531,2/15/2009,RR0C0P31lEiCFJHcA,ahqGqdKc9Pn4dofAyxk-1g,2,1,0,0,N,hylBw5ND7XyPldM6BN28vw
28652,7/20/2005,wIi6rTtNYwPbyrUTLbnxVw,7clk7hJlh9U5Kkwq7IGLEw,4,0,0,0,N,hylBw5ND7XyPldM6BN28vw
28840,9/12/2009,vE4rx8okBuD6G0U8bUkSFw,DecNq9BYtMwHhgdnPNGbVQ,5,2,3,3,N,DXwSYgiXqIVNdO9dazel6w
28899,3/23/2011,iRVNwo6-pJURnSYV7Ksu-w,diqv7VPvJ7TqfvTZaO94nA,2,0,0,0,N,hylBw5ND7XyPldM6BN28vw
28908,1/25/2011,AMSHq5Uxf2j0UpwOqoLScg,4_84yKrNcPXEWimstvfNlg,5,0,0,0,N,hylBw5ND7XyPldM6BN28vw
28972,9/5/2011,7V3InY6ZU5CeuupnYsFB,P8_lLsbtSX_i8Giz64uRVA,5,0,0,0,N,N7juvW8YoFIj7sEBzVF8GQ
29032,11/16/2008,b08We8mDkhds6encODVRIg,mMHlWzfAZ5E5o-vpo4zL-w,3,1,2,3,N,DXwSYgiXqIVNdO9dazel6w
29045,1/5/2009,EcoLexcXw8OPW6oEpi,G8a3N89M94gK1mhKxOi11g,2,1,0,0,N,o4NcUfco7JxOcyfKFWyAhg
29095,7/23/2012,1DT4PbK6UKrk2m9eErJO1Q,FyGnCzVFSFMbT41i6ZCfhg,5,1,0,0,N,cQnY_VneZisfUAqcbuEuKg
29229,5/22/2009,bv8O4XBfaLt9J4yJrIk6qw,qdwLULQs4-f1tc8KX_MWYg,5,0,0,0,N,N7juvW8YoFIj7sEBzVF8GQ
29257,1/17/2010,57cn5-9oU7jer7-Dt6wrzw,lrlftF51_YTuQ4k-Aoe4xQ,4,1,1,1,N,DXwSYgiXqIVNdO9dazel6w
29273,4/16/2012,2BOJ4xpZHuVKd38L83NiYQ,lUAEesLvvNUAYqqkxLFpgQ,4,0,0,0,N,cQnY_VneZisfUAqcbuEuKg
29284,1/26/2011,RWZJe3w8DRXH6O1nj3PmMA,fC3qsoJGOIx5YY6XvH3KIQ,4,2,0,0,N,N7juvW8YoFIj7sEBzVF8GQ
29324,3/6/2012,R6-ZewPqdZrAy14T2jKy3Q,nxOOTpLxP2BIy8vwCxuAAQ,4,0,0,0,N,cQnY_VneZisfUAqcbuEuKg
29474,7/25/2012,0fnaTyu-mqUVTmafQSQwJQ,SI620L9GDuAxK81SEwj2uA,2,0,0,0,N,AqgG-1aD6JYj9D6OmBWO3w
29476,9/3/2012,VJvDVhOL3XxcM66wAuRlxg,6S-NbThL4mgbBN2BFwNAew,5,0,0,0,N,AqgG-1aD6JYj9D6OmBWO3w
29478,9/21/2011,t6RSWFYiO3fUioaTtcF1jA,eDwrEKoPU_AztSJI-XAW4A,5,1,0,1,N,LlHEzxQTiiLJokn2tli35A
29506,7/9/2012,OaRITy7SLabIbNBOV9AkWQ,yOTZThePX-4CeN93M7GFnA,5,0,0,0,N,AqgG-1aD6JYj9D6OmBWO3w
29663,8/8/2007,MWSJ,ROZ3A-5Sd68iDuWkcyewSQ,5,0,1,0,N,DXwSYgiXqIVNdO9dazel6w
29861,1/24/2011,YEmrVrHt5D-cchMZJC,ei6CXxcwIwclwNS6f_n2Kw,5,0,0,0,N,DXwSYgiXqIVNdO9dazel6w
29946,6/24/2009,kPsZm2wuH,Iui9D-s2GqG5i8xB0voZ_Q,4,3,1,1,N,LlHEzxQTiiLJokn2tli35A
29981,9/27/2010,xWAzk8o27irSvkAROneWqA,nlsxDX6nKcVDGWzVxdsWiQ,3,4,1,1,N,LlHEzxQTiiLJokn2tli35A
30040,8/6/2007,mmCR2T6zKp40FB9qNDWP-A,05hE5pFuTPnxyKCEWtmRjQ,5,0,0,0,N,DXwSYgiXqIVNdO9dazel6w
30073,2/9/2010,9LYB3ypLDkB8CYeSXAtAoA,L3_sdfLnP8kFnsnrTRJSdg,5,0,0,0,N,DXwSYgiXqIVNdO9dazel6w
30160,11/12/2010,Zvqo7tCkW9pGyp98KVJTxw,uR5WzkEaNXuS4zlhnQEUpQ,5,0,0,0,N,DXwSYgiXqIVNdO9dazel6w
30161,9/1/2011,Pk-VHYnC6nzzfE2NzJWBag,lyf2GRlfH5dDU5M7fDtHZQ,4,0,0,0,N,AqgG-1aD6JYj9D6OmBWO3w
30176,10/18/2009,KOWPrqKgxTQqsOPqnpF0PQ,KggSO_45w0sE7Cv-qZCFzQ,5,0,0,0,N,DXwSYgiXqIVNdO9dazel6w
30218,7/23/2008,Ten7LHwXmDmYQ5RDq353NQ,OL1e9m0NmDuQki1fOJuUOw,5,1,1,1,N,LlHEzxQTiiLJokn2tli35A
30236,2/6/2010,5yJEFIfW3gjrnp9BRWV0Sw,rlv4zKHxtkbXUafzJuFRmQ,4,0,0,0,N,cQnY_VneZisfUAqcbuEuKg
30248,7/14/2010,YunwBxiuGFdDAKRNCHB4tA,FXOYlopW2VmLVIG59xDiIQ,4,0,0,0,N,DXwSYgiXqIVNdO9dazel6w
30253,3/28/2012,F4r2UWskHlHvJ90kABcw4w,WI1QUlByYMdK-sLOrWVX0Q,5,0,0,0,N,cQnY_VneZisfUAqcbuEuKg
30272,3/4/2010,PzRvLox7Oh95FqlI8s,A9MSXqqjdlIP-4w2wnug3Q,4,1,1,1,N,LlHEzxQTiiLJokn2tli35A
30418,2/20/2012,Uk8qXf4XTZJI9AATEdpabg,EJY2WrcwSjY-qjfD9VOrHA,4,0,0,0,N,AqgG-1aD6JYj9D6OmBWO3w
30471,9/26/2009,bCn0Ig1MnBo8JjFRIm5-2w,g2RWP6L9p1CXFkaVwFI4iQ,5,0,0,0,N,LlHEzxQTiiLJokn2tli35A
30514,9/5/2009,Xne9KNpK6IruOT1O30EFBw,W7ALi5wtmw2d08uV9TB8Cg,3,0,0,0,N,LlHEzxQTiiLJokn2tli35A
30559,10/3/2011,18woWxRPVzhyNKbSi9N6eg,a6mWW9IhKJ8YhqPGX4K_sQ,2,0,0,0,N,LlHEzxQTiiLJokn2tli35A
30564,8/16/2009,zs3o7xZ,Om9_I2dPoCBLR2VdeU3-oA,5,0,0,0,N,LlHEzxQTiiLJokn2tli35A
30570,5/23/2011,9lD8gqonXg9EuCINewryqw,OnUB5b3iE0GasKlYXbK6SA,5,0,0,0,N,cQnY_VneZisfUAqcbuEuKg
30590,8/17/2009,nL-SuW6jQOR16bXMeppKrQ,3wq5u6jaZOYzkU2kQOqRwA,4,4,0,1,N,AqgG-1aD6JYj9D6OmBWO3w
30835,7/5/2011,oI-M4cnE1PzYJUshD6PFDg,dgiVMQrLMxYubREFUU6QQg,4,0,0,0,N,cQnY_VneZisfUAqcbuEuKg
30868,10/17/2006,yJQbaI-VFcjCAMfEs-Up0w,eQDp0YN-wyE8A-jV1RadLQ,5,2,0,0,N,AqgG-1aD6JYj9D6OmBWO3w
30965,12/30/2010,CgFIIEpKC-5vNiuHiyE9mw,m50PQM0bBwo4n3yawoEFCA,4,0,0,0,N,LlHEzxQTiiLJokn2tli35A
31006,8/17/2011,nIdm8Yath-JyypF7mrhRfg,mt7TbKGMZwxT0T9X7I6-Kw,5,0,0,0,N,cQnY_VneZisfUAqcbuEuKg
31080,12/31/2009,9U1UvrbiEQ0MrgoKXtXiyA,6Rlf1dWyF6RlyFXi1aZoag,4,0,0,0,N,LlHEzxQTiiLJokn2tli35A
31110,8/16/2008,IxZTOsmeQipqzn8cKZ-5Hw,H-wUqq_-JYIimJXt6hkUww,4,0,0,0,N,cQnY_VneZisfUAqcbuEuKg
31176,8/13/2009,otiEc8O41zikE7LR4hdgiw,tBGZrIWb1_Rfb0DuFvnEhQ,2,0,0,0,N,cQnY_VneZisfUAqcbuEuKg
31185,9/26/2008,sLqSwNxLX,jtUBq6aiS5FdLEAE7DJDyw,5,0,0,1,N,DXwSYgiXqIVNdO9dazel6w
31205,4/21/2010,GtrYmMpXMy6QC82al3NiZw,a1Ya1DsHTKoPXQPG8jp-pA,4,0,0,0,N,LlHEzxQTiiLJokn2tli35A
31270,3/9/2012,XwDEI4Pa3qwYlrytd,g0HHNjh0vDO_SAdmQOQBXg,1,4,0,0,N,XgGUnYs2bjbbNvBefFtWxA
31274,12/8/2011,6G97S41SzFPf12yMwgkqGQ,ZI12Mb7isBNGXNKYQhrxuw,4,3,3,3,N,XgGUnYs2bjbbNvBefFtWxA
31323,9/28/2011,-bLeqn00uuh1h-VQJHKdNA,vWxQvbuUVMMvn6zvfNxVZg,5,0,0,0,N,XgGUnYs2bjbbNvBefFtWxA
31591,11/5/2011,7Dhc-hNQstPgySkglr8yUg,dLdRKVG-T4PMrMP5nhMppQ,5,0,0,0,N,AqgG-1aD6JYj9D6OmBWO3w
31691,8/17/2010,CboBSwjjYmk-BMdnP1VIEw,WN3FQ5lNz5q8FFbeH42OxQ,4,9,8,7,N,NYhIkpTi4ffmkAu4o2aKuA
31700,1/10/2008,897pys2tFyrueCiQiZb-YA,r9jimo2ApyIQNMhQKvMkHA,4,0,1,0,N,XgGUnYs2bjbbNvBefFtWxA
31707,9/20/2010,1ed9Zj4OCiWjXvzeZlUOxg,qJD3wqMRjLXT81Z6VqPHCg,4,0,1,0,N,XgGUnYs2bjbbNvBefFtWxA
31727,10/2/2010,ZPAJpVuHy,sHyDqpRkTRj_5eC-kvcIFg,4,0,0,0,N,AqgG-1aD6JYj9D6OmBWO3w
31776,7/3/2011,wgPQmtwxHAIXgzrmkOEopw,GEACsMQnBidv1IwQ8oqeVg,4,0,0,0,N,DXwSYgiXqIVNdO9dazel6w
31881,4/8/2008,6fv4yPN9J,_FQQMzEkXNUWCWIqazVKiQ,5,1,0,2,N,NYhIkpTi4ffmkAu4o2aKuA
31917,7/14/2010,iPFcU8Tq2BBObSCI2QZ6rQ,wl-Vpue5nh4_bp9oS-NVTg,5,0,0,0,N,XgGUnYs2bjbbNvBefFtWxA
31970,10/5/2010,--dfLyyp0liZRXjfsQz4zw,5460EPo4tmHgV0P4_4bU7A,3,0,0,0,N,AqgG-1aD6JYj9D6OmBWO3w
32067,7/2/2011,XhUXwjuDNNHx3Qup2V3EJw,5AL4m5Nh1P91HuKxewdWPQ,5,0,0,0,N,DXwSYgiXqIVNdO9dazel6w
32118,8/15/2011,qKQmHONvfQbP-ra,-XtV5ka3U5IUmukGYUNhJQ,5,0,0,0,N,AqgG-1aD6JYj9D6OmBWO3w
32187,11/27/2007,LoBU9ATUnSqMHh3N0WObUA,CnqaxafcHZo8VyRwZahg5A,4,1,0,0,N,XgGUnYs2bjbbNvBefFtWxA
32188,2/28/2012,GzqZM9r2P6tHrMv2kLwm2w,6ycsYuUJrnl18u0d785Ibg,2,0,0,0,N,AqgG-1aD6JYj9D6OmBWO3w
32215,7/23/2012,3IdvJTj4ITCILj94f3Pq9A,P_pk7ld02y4Cf7S-DOwIzw,1,3,4,2,N,o54U2VkQama8FI30qDkWvw
32235,8/12/2010,FFqnjuNWvwzsgm,MzxvvGd5bNvFuxRYt14SpQ,2,0,0,0,N,NYhIkpTi4ffmkAu4o2aKuA
32291,1/16/2011,JJnTpA-2Pcp5Jg7bcYNabA,ZtoG9tSYJvc_QnQ4ixbYMg,5,1,0,0,N,NYhIkpTi4ffmkAu4o2aKuA
32424,1/7/2012,wIXPZMejQT3JY9LDp-3MNg,FT7Sekw_RJIrqP6Y-g1arw,4,1,1,0,N,o54U2VkQama8FI30qDkWvw
32453,2/11/2009,MFW0kQndIAf5t5WFrDh0-g,vkS9yQf3kHA_824G6Dcpsg,4,1,0,0,N,NYhIkpTi4ffmkAu4o2aKuA
32488,2/21/2012,vGyqIHY3tIO9L63BOnSwKA,oRj2-6C9YBq9AgbWg2QvDw,5,0,0,0,N,o54U2VkQama8FI30qDkWvw
32568,11/16/2008,HBF4n9tFLt0FFhJm130CJg,kJMOgJ0zZ4T6XL2eYKpYRA,5,1,0,0,N,AqgG-1aD6JYj9D6OmBWO3w
32571,4/2/2010,2Yv7lcpLFRycLdmA7vShdw,S0MCwLZX5K4j5XCmBl7LuA,2,0,0,0,N,XgGUnYs2bjbbNvBefFtWxA
32586,9/17/2007,xlvhvhTVggkNSLaUFxKckQ,xcAPMeTo69Jdz_5_ak5YLA,4,1,0,0,N,AqgG-1aD6JYj9D6OmBWO3w
32694,10/12/2011,g80MqinNTIMzhal2WZbTzg,-dHGCQcq6QYaG63AwJafjA,5,0,0,0,N,o54U2VkQama8FI30qDkWvw
32765,2/15/2010,0jBVC,gycnqm9SiQRwc2jJGSM8Kw,4,0,0,0,N,NYhIkpTi4ffmkAu4o2aKuA
32781,3/28/2011,r7QrF5oqzPdzzwIdhAw5vw,qNpClgk7N_Tkp96brRkI7w,4,3,2,2,N,o54U2VkQama8FI30qDkWvw
32784,4/18/2012,UKdi6knXTScdsfTftWBEeg,Xzc0JADdDwM6qFWn3BXgJg,5,0,0,0,N,o54U2VkQama8FI30qDkWvw
32787,9/19/2005,joAEZN,RVo4ydYRjDbDfGcSSBRCEg,4,0,0,0,N,AqgG-1aD6JYj9D6OmBWO3w
32881,1/10/2011,a3e1soUhW,fIfKT5J7OWnr_sNP7VKkAw,5,7,9,7,N,o54U2VkQama8FI30qDkWvw
32893,6/28/2010,fDoAyOL6K0l6CeS3zAqOKg,CTlt4zoXh72JbdJyy2vLlw,5,0,0,0,N,NYhIkpTi4ffmkAu4o2aKuA
32927,2/29/2012,SH3IB4X72lwqdgBVLwY0Vg,Qxht_wiZCRR9AnWPwn2RFA,4,0,0,0,N,o54U2VkQama8FI30qDkWvw
32991,2/9/2009,V41MhmB1udf7qUd-tvD64w,mxByijeeAPlirDELml6i9g,4,0,1,0,N,7mCeefskNUtOkzxt_MLHKA
33016,8/10/2011,BaMuil7VhAtIXJ3APe547g,sOI7vjyzdGV1HUb04x9G6w,4,0,0,0,N,o54U2VkQama8FI30qDkWvw
33048,9/22/2012,x2oCd,attgmsDSh_vmHIl7MJEpEA,4,0,0,0,N,8d_DiHWB-pjBVW3a7D8EWg
33077,7/20/2011,RzPlLJCAUezWi3GXm3mrCw,SrYQQ--e5LWbF5uAnPqbKw,1,0,0,0,N,AqgG-1aD6JYj9D6OmBWO3w
33099,10/6/2010,HNojeXD-WOBGybM-NQmQ5w,SgeEris5717APwrcV88o4A,2,0,0,0,N,AqgG-1aD6JYj9D6OmBWO3w
33115,6/12/2012,l5qfSlyNwU2R9BVKpz-lMw,lUjpc-KIJdMjGnynv7QcUA,4,2,0,0,N,8d_DiHWB-pjBVW3a7D8EWg
33127,6/25/2012,7JK0E9IHu62bB5SdXxv5tw,uARgL6GaLmh1fO5iGWDAEw,4,1,1,0,N,8d_DiHWB-pjBVW3a7D8EWg
33171,10/6/2007,Pcrlxrh8SwF4MEF0cA0MMw,iJALEvsls-vbOjVXpHjPqw,3,1,0,0,N,7mCeefskNUtOkzxt_MLHKA
33180,8/6/2012,1bL4QMBBaS3-2hg-lxC3Pw,KmQg0rK8d2MzPxUsokfYmA,5,0,0,0,N,8d_DiHWB-pjBVW3a7D8EWg
33244,6/10/2009,ygiLNX,GXAioCVpUMtCXGZzPF-yYg,5,1,0,0,N,AqgG-1aD6JYj9D6OmBWO3w
33252,7/18/2012,eHiR7g4cVxOBfnQOlR,_HnqHdK4QG-nzyM1Q7d8Uw,4,0,0,0,N,8d_DiHWB-pjBVW3a7D8EWg
33311,2/14/2012,B8tyNuAUgxrwhusAgd8vmQ,vzM5ZGSarl5KrbnEn80NtA,4,0,1,0,N,8d_DiHWB-pjBVW3a7D8EWg
33385,12/4/2011,2HGg5q0PKPpI4du1TjjzIw,iE2bjYDiGcYlTc9Nh0oKQQ,5,0,0,0,N,o54U2VkQama8FI30qDkWvw
33393,12/11/2011,b79mcRxgROQG7FMV2kO1sA,KXVZqQdcVpa-ZaIdrDpQPQ,4,1,2,1,N,8d_DiHWB-pjBVW3a7D8EWg
33618,2/26/2012,WD1rzZrhlMcUTLwnvsr5ug,VcvOqjBGxJtt5FpjCBCMuQ,4,0,0,0,N,DBtXy8wcPsVr80oFfz-CbA
33678,4/19/2012,ixgMUza,TopxzHiQl5B0Y1jjOwKEOQ,4,1,1,0,N,DBtXy8wcPsVr80oFfz-CbA
33683,6/1/2008,ZEz3-GQtGunwEwTD105z0Q,27zZiuUE6syD3qikJO-Rrg,4,1,2,1,N,o54U2VkQama8FI30qDkWvw
33762,12/15/2011,oZpTIvjBZDA8eC,dAn61ZA-ZA6kg77vXV40Lw,3,0,0,0,N,Pcg4FtfbvSMMwrYuE1yVjQ
33823,12/8/2011,wU5hd1Td0,OhJQhmrR1ojThC5Ffk6ZJA,5,0,0,0,N,Pcg4FtfbvSMMwrYuE1yVjQ
33857,7/16/2011,CDRY4tZnY6glaogGAmHvWA,un8XbciuJ7FSj8yqvZXoWQ,4,2,2,5,N,Pcg4FtfbvSMMwrYuE1yVjQ
34073,9/27/2010,QQcDaX3g,jt49xjEjQisu6wTTGn6B3A,5,3,2,0,N,DBtXy8wcPsVr80oFfz-CbA
34077,1/23/2011,cfxZZDVQheN-tnmXl45lVg,DUsHwFodkswFMSm4A_j1Wg,5,0,1,2,N,8d_DiHWB-pjBVW3a7D8EWg
34115,10/16/2010,8kBNWgJKXB6LjZajzb88IA,v35hYpHugJ5FXiNAchJW5Q,5,1,2,0,N,o54U2VkQama8FI30qDkWvw
34145,12/31/2010,s62zcUM6W3ZyxBNN8N5ZIQ,uK6pK6BtV1l38Wj35ge58Q,4,0,0,0,N,o54U2VkQama8FI30qDkWvw
34419,12/30/2010,i-Q551cOxcZlb64hj-u33A,8HFaYLNy055LcmcvdW99BQ,5,0,0,0,N,Pcg4FtfbvSMMwrYuE1yVjQ
34527,10/13/2011,yhLU5acv1ATICUm-pvWpyQ,nFYeBQJx_OyEGFiaPZXoxQ,4,0,0,0,N,Pcg4FtfbvSMMwrYuE1yVjQ
34552,7/9/2011,lxea3RG3I6ecpOSUpqgX2g,tKL6hVV4cZnm6kEpxGVyRQ,5,0,0,0,N,DBtXy8wcPsVr80oFfz-CbA
34571,10/31/2010,x16cUDqYae7p43QhOttrcA,7ChGABX9QfWBolV6CorJbQ,2,2,0,0,N,Pcg4FtfbvSMMwrYuE1yVjQ
34622,5/17/2009,Hb,JZIGloF6c1I8q3TDzXflWg,4,1,0,0,N,8d_DiHWB-pjBVW3a7D8EWg
34782,3/20/2010,jYW0gHkufxhF15kZX9K15A,-pG4fm6eWoGLP6fIsFBvzw,2,1,0,0,N,8d_DiHWB-pjBVW3a7D8EWg
34845,12/13/2009,Ugynkbtx,tfbypIDrweda7QLrvvScAw,4,0,0,0,N,DBtXy8wcPsVr80oFfz-CbA
34923,7/26/2012,WeH,_YH6rJGxcxc9nDY_-O2oiQ,4,0,0,1,N,JDNZxz0ud7zhuPo5pqznMA
34947,6/25/2010,PQiJ-X-FNxRKwSFpm,v0i50NSEIuWZpUpzy9bkFQ,2,6,4,3,N,o54U2VkQama8FI30qDkWvw
35120,6/20/2011,ifpYMTQ5qf8J9hBoEwiKoA,wdycvCQCIJGQkcs0_jVxxg,2,0,0,0,N,o54U2VkQama8FI30qDkWvw
35236,11/17/2009,nI,a33LjDNrMu6ip8EXXJhH7Q,4,4,0,3,N,o54U2VkQama8FI30qDkWvw
35393,7/29/2010,x8wIpAlGMV5QW6A,yKBh92pdIBbz3e0o4gBhXw,4,0,0,0,N,o54U2VkQama8FI30qDkWvw
35552,10/30/2010,dQ4EF3OQLVYI1YUdkQ7K4A,4NKThyW3frGOrd8cJ7btLQ,4,1,0,0,N,o54U2VkQama8FI30qDkWvw
35658,3/13/2009,tsTSRkA9Vv6lAT0w3fOS,3jX6-TtDnHZ02a5gYsEHsQ,4,0,0,0,N,JDNZxz0ud7zhuPo5pqznMA
35876,2/18/2011,p-wvpBFF1E-ptlMu-apAhA,4MvVzvoNslTLEKKArAbADg,4,0,0,0,N,8d_DiHWB-pjBVW3a7D8EWg
36142,5/20/2012,-DI7MksPjhZS-g4m3,LyoBey7pYHult00lhiS02g,4,2,0,0,N,CwPi6NVuJIZZx4IBcTekFQ
36174,4/17/2012,2mS90a,Fug40IRhe4A4rJvk0P5fBw,4,1,0,0,N,Au1f1UMmKcgOXLsg4v56xw
36208,7/21/2012,Zx06QSfhlXzRyK3VGF,EZ3i_Rqwy_my7LuErAGEOQ,2,0,0,0,N,CwPi6NVuJIZZx4IBcTekFQ
36332,10/5/2011,sOodKDXZFN32P,05EYTXPMo2G_L02Dv-pCog,5,0,0,0,N,O6uWHgJzylSjWjPSJKGhnQ
36455,7/11/2009,uAXwyuU-xue9b20CzT3ZWQ,XUjGcCAOHkAp96LQPWy7Ew,5,2,1,0,N,Au1f1UMmKcgOXLsg4v56xw
36582,2/25/2006,UUe73xyWh0rwj2JyNFQPuw,4GMA5-2pJUkJEMP13nDy5Q,4,4,0,0,N,O6uWHgJzylSjWjPSJKGhnQ
36586,5/30/2007,Z9pi5Hwb4COPM3YBwdRidg,8wcMNn-cM0_mNOuSS6dgcw,3,3,1,2,N,CwPi6NVuJIZZx4IBcTekFQ
37050,4/5/2009,4-6woUAObqyJ2qkquuNb8w,NawmtSLmh3Hx7givtem05g,5,0,0,0,N,6PQTqW9j-sriDBQyQCJbjw
37183,9/21/2009,3cqkn2uzC,WC1O6t5wUpY3-Q5hYShqjA,5,0,0,0,N,CwPi6NVuJIZZx4IBcTekFQ
37184,10/26/2008,PAAcHlwUfYgzGtbrSAtEbg,HEddnaxjBP6vYcfeRHY-Fg,4,0,0,0,N,O6uWHgJzylSjWjPSJKGhnQ
37240,9/29/2011,zQMwNbJ3w5rIXBoLM8B-vA,9Gg62hHUyDloLL5sfFUsCA,3,0,0,0,N,CwPi6NVuJIZZx4IBcTekFQ
37266,1/11/2006,8vABrvea6GmdCOfP8lOwtw,BI4lPhrUpmEySIJUywjIjQ,4,1,0,0,N,6PQTqW9j-sriDBQyQCJbjw
37282,6/22/2010,onyoTJ0fDCGaqYMVTofxtw,-UIPBzi0bkRtXwOP5pCCjg,4,0,0,0,N,CwPi6NVuJIZZx4IBcTekFQ
37286,1/21/2012,QqlrBm2TFXj7jJrvcvjRtg,Tq6eoIbMEVzsCHfAL29ppA,1,0,1,0,N,CwPi6NVuJIZZx4IBcTekFQ
37387,6/8/2008,-9ZwpIjK2v8EKqzjp7-7aQ,0SSt8_hmzR00xbyvQCSj5Q,4,0,0,0,N,6PQTqW9j-sriDBQyQCJbjw
37488,8/17/2009,at5EHcaU-v6ff-2um4fbNA,k_lDaDvkGSMZU2jkIZrZzA,5,1,1,1,N,CwPi6NVuJIZZx4IBcTekFQ
37728,5/8/2008,AuOIjlgYi0GgGQK6fIUaag,orX8aCp-Iqw-jqZg7VocDQ,4,0,0,0,N,CwPi6NVuJIZZx4IBcTekFQ
37759,2/11/2008,W0UD3Msb-U3qRJoRCPmPyQ,7EvLOaSpq53KWYktU6vgrQ,5,0,0,0,N,CwPi6NVuJIZZx4IBcTekFQ
37812,4/6/2009,Ju2Pf44dRyd86m1DbtsEQQ,0n2C1Ez8q4V8VWXawpwHbQ,4,0,0,0,N,CwPi6NVuJIZZx4IBcTekFQ
38275,7/6/2009,tVtcg3bSZyrArDe9B6KVZA,Km510lXjrpy-bCFaIjCf-Q,4,0,0,0,N,O6uWHgJzylSjWjPSJKGhnQ
38463,2/22/2010,3qKTb0Mg7MRRj1Nm3sTI3g,Bx_SwiIDkmqg40Fm6a3xaQ,5,0,0,0,N,1g52-6WzlhjIOpNAsBjPJg
38616,4/17/2012,3wJVpmHssO5n53ooFK1KOA,xn9C2hwqXGMfAX6lZXeIvg,3,0,0,1,N,KomhK0JD5cleEW55YTw7MQ
38618,1/10/2012,CZUN1PGsIpQZK8eH6E1dBQ,To0GTLW5MGZwOg5TxxZIQA,5,8,5,5,N,KomhK0JD5cleEW55YTw7MQ
38645,11/30/2011,n0k34HTg7j-xKck4XjdOXA,RO3vznPVVw5NWcgfP3k17A,4,3,2,2,N,KomhK0JD5cleEW55YTw7MQ
38665,4/16/2011,srDZyDXFttEK4WVR,AA-ossInDkEiuTB5A6_BrQ,4,0,0,0,N,dKcO9OQ44RPRlkWe-vToFA
38757,9/22/2008,HH3wTL0t98M9ZZEKtKKF1Q,VdTeE7P9AP-fj3ExmRhoEg,5,1,1,0,N,dKcO9OQ44RPRlkWe-vToFA
38834,12/2/2010,Ll8n2OSRJyYfmwFdeSfL9A,_qRV6YI3wm6hF0SF-2z8ng,5,2,1,1,N,KomhK0JD5cleEW55YTw7MQ
38844,6/19/2007,ZSJ1P9uAGzspHmyKcByiBg,3Qv6oNpjh3_KjY8IFA-3cg,5,0,1,0,N,dKcO9OQ44RPRlkWe-vToFA
38855,5/1/2008,AR1Av9hPQxAwZZUtD,439pxyi298Y8sQN-LkwrAw,4,0,0,0,N,dKcO9OQ44RPRlkWe-vToFA
38910,10/30/2009,UAuX8iqKxe-A47C1e-Omfw,pQBzOro2WU9JjOBWmAtaQw,3,0,0,0,N,dKcO9OQ44RPRlkWe-vToFA
38970,2/21/2010,fNen80,15nI6GFkmdrG880vPqQZaQ,4,2,2,1,N,KomhK0JD5cleEW55YTw7MQ
38973,5/20/2009,PQiv7X8ManTE3D5cpX85Uw,WkCKFLAQ9egJAKr-nYZIew,5,2,1,1,N,KomhK0JD5cleEW55YTw7MQ
39135,9/18/2006,vFaqq,LR9F22LsmF5B1so7l8L0fA,4,1,0,0,N,dKcO9OQ44RPRlkWe-vToFA
39149,8/22/2009,Y1iBpglhV7tbZb621lN7eg,f5C4-Md-632zE0eiUsfQXA,5,0,1,0,N,KomhK0JD5cleEW55YTw7MQ
39184,12/15/2011,ByE5Dd,8TuKQ_wKnAvQRAZNH5BevQ,4,0,0,0,N,dKcO9OQ44RPRlkWe-vToFA
39234,6/18/2007,CSZgae06PNtB4SgG6gy3FA,GxqwXkJ4SQkEreVoEGXLPg,4,0,0,0,N,dKcO9OQ44RPRlkWe-vToFA
39359,4/26/2011,JKsgNf8k1-YVL-TlprqvsQ,MiB2gpULGjM1b4Uk8hp0RQ,4,0,0,0,N,dKcO9OQ44RPRlkWe-vToFA
39517,10/22/2011,3wqEMXZWjtv7sOUNPfpLiw,FQDQJem0Bxtk13Aii7Q8Hw,5,1,1,0,N,tCkwBTuEFvhuaBoEUWqbuQ
39523,12/4/2011,yK,pLwxcoPbcayQ6m8IwotI_A,5,0,0,0,N,tCkwBTuEFvhuaBoEUWqbuQ
39575,7/5/2011,KqwyXdXq-dEP2PUcrp0VlA,_MJomcCDiDLx0YjVmsc3oA,5,1,1,0,N,tCkwBTuEFvhuaBoEUWqbuQ
39654,10/30/2009,IVbvOKxV9mN1OuZBl-3,abq2YEZym9SGjwC00uUc3w,5,0,0,0,N,KomhK0JD5cleEW55YTw7MQ
39657,7/11/2010,FlgQg4vKXG22ZUyK-X,5hfvTJczPrHwC0qvrKBTeg,5,0,0,0,N,KomhK0JD5cleEW55YTw7MQ
39855,2/13/2010,Pe1OFSVoRWeQ8yNWJFHB5w,_fMpOqPqlfkvDzYrM112lA,5,1,0,0,N,tCkwBTuEFvhuaBoEUWqbuQ
39921,9/21/2010,8SscN,Ei2f6sclQvm-uzi3Dks3Vw,4,0,0,0,N,tCkwBTuEFvhuaBoEUWqbuQ
40000,3/7/2010,sSzC13k2zXj1Bxb2lGZ5-A,gXaGpyBgswx5g6C4S3OTBQ,5,0,0,0,N,tCkwBTuEFvhuaBoEUWqbuQ
40048,10/24/2007,WR941mTmojZDN5QQomJ1eg,dm3sBjIMA5TXu18V6yw4hw,2,0,0,2,N,qkfBgSCbekH3DHTanVL1_w
40093,7/18/2007,XjN5Gqds9VPwDn2S7uPylA,IYN0_WjaDXru6_zZkBlVbQ,2,7,2,3,N,tCkwBTuEFvhuaBoEUWqbuQ
40107,4/7/2009,3C1JQv1ZIoKRV9WSoHo2ew,JKW0Rnul21GcIUTBdW-MaA,5,0,0,0,N,qkfBgSCbekH3DHTanVL1_w
40118,3/25/2008,6WE9OLkO6lwbvxuSi8kg4g,q-ZRqtBIqJBtupISPmKmfw,4,0,0,0,N,qkfBgSCbekH3DHTanVL1_w
40160,3/20/2008,AyWNmGWTHRugMQmYFK-0jQ,GQ2KSY0dc53oci59E6BNfA,4,1,1,1,N,tCkwBTuEFvhuaBoEUWqbuQ
40169,3/17/2010,GSc7sdBTHiq6AY673naLeA,3waYgfBN1rctYRc7eVDYYg,3,0,0,0,N,qkfBgSCbekH3DHTanVL1_w
40315,2/10/2011,GlQJHvwxDEVnuy2DYuLHwg,e6_Xtbvgn50yz5b2QVD_wQ,4,1,1,0,N,qkfBgSCbekH3DHTanVL1_w
40370,8/4/2010,3nYfrxVH8VOGaXa55aW-GA,FIAaBcIXClWDwByVqZSbYw,5,0,0,0,N,tCkwBTuEFvhuaBoEUWqbuQ
40376,1/23/2009,R4hKXBatyDJqvy2dQF25Kg,fc2meMafVjCbwxVGtdaAlQ,5,0,0,0,N,tCkwBTuEFvhuaBoEUWqbuQ
40417,5/25/2010,1IC9ikYPMtk4Nw1-Zp5W5Q,IjmAMsmTp-iu-8yweERS7Q,4,2,0,0,N,qkfBgSCbekH3DHTanVL1_w
40448,2/1/2010,5GvyOA9mj25-RLnIqR854w,BBkEje8oCUmJTQSkLawVxA,4,0,0,0,N,qkfBgSCbekH3DHTanVL1_w
40460,6/23/2011,o7vQ7cly2pyQvtEWV6OuPQ,Ps0LuCG4HhgJrP0LzbThJA,4,0,0,0,N,qkfBgSCbekH3DHTanVL1_w
40482,8/24/2012,4iOoBShtPANuwJHuqFPR9w,6EHbIv5w2I4XbXs3dG_D1Q,4,6,6,3,N,sR4EOfPuI-at41uIxIZPhw
40513,7/2/2012,9uo8gr8yUMbCwLgPHs6CMg,722_fCJ6HiUcidSi2nGkZA,4,2,1,1,N,sR4EOfPuI-at41uIxIZPhw
40550,5/29/2012,jIDC-97QED0B,N0XMYcoFol1ijL9CUzZl6w,2,2,0,0,N,sR4EOfPuI-at41uIxIZPhw
40605,4/6/2012,-Pwy5,jjM8Hqwqj29KUtMXH__2QQ,5,0,0,0,N,n3VjBryfinjRG1W3LWsPBQ
40702,6/2/2012,8KDihn6KYbORicFQ3wKcaw,-JSEZ4IILrG44ofafu9IAQ,1,2,0,0,N,n3VjBryfinjRG1W3LWsPBQ
40788,9/28/2007,6RgATmeIJ6UPqLWxE1h9gA,YRqleWXQHjm_3Y1VRhHI6A,1,7,2,1,N,n3VjBryfinjRG1W3LWsPBQ
40796,5/13/2007,2QA7NkUbN2UI6stGnPpdLw,f1F-r9rkG5pGpLLPe6MJ-A,5,3,4,1,N,n3VjBryfinjRG1W3LWsPBQ
40932,2/26/2011,SHbFu09ChHuKY7CRZlYNsg,BuC9XytuFDp2HUYLGqBisw,2,0,0,0,N,n3VjBryfinjRG1W3LWsPBQ
41032,9/17/2011,JiI4k8SYjSkV7ecY8idlUw,Q6mk-8KuPIdXyAvdQ6LNzQ,2,0,1,0,N,n3VjBryfinjRG1W3LWsPBQ
41064,6/2/2010,qX0fZcIPYQ7D8NmZtV28Cg,-U3o87ZrOBKDC4gKU12tGg,4,0,0,0,N,n3VjBryfinjRG1W3LWsPBQ
41227,1/11/2010,gmj1j5EdBDgEvzQ-ekylaA,Ljmc6NKau1e51c3kUwI4Lw,4,1,1,1,N,sR4EOfPuI-at41uIxIZPhw
41232,11/25/2007,WZYr7cTPMifsBEIWpTgo,omJUEayO0J0UfNEpW3QnTw,4,1,1,1,N,sR4EOfPuI-at41uIxIZPhw
41279,2/3/2011,divKn7MjkelJKNC9ftIrog,U_aCcpiDsrsg5KMSN0I9dA,4,0,0,0,N,sR4EOfPuI-at41uIxIZPhw
41290,12/19/2010,2ZUkBTM0ZHzomHUZmDXf3g,4jb3UZMBkevHrNz_TX5v2A,3,0,0,0,N,n3VjBryfinjRG1W3LWsPBQ
41293,5/26/2012,08lWZMz15Z5X2dvPQp8lDg,YAssKb5rfxDYllAHpump4g,5,0,0,0,N,sR4EOfPuI-at41uIxIZPhw
41751,5/6/2009,weel91hgnlMKBVojOM5dZw,F2bIGsm0H4rjDWj1AphwWQ,4,0,0,0,N,sR4EOfPuI-at41uIxIZPhw
41763,10/30/2008,ggY3LtM7ll4ROfLX0jfoyQ,XWhXY9Xk-4JQE0Z96EvGqQ,5,2,1,0,N,z_qEuUuRWIq4O-YufXHf1w
41801,8/22/2010,PwQZJ1-RlttlKldezqplYw,mqqcPm0HT8HnTnRoEE04Ng,5,0,0,0,N,sR4EOfPuI-at41uIxIZPhw
41874,8/21/2011,M-8cnZrcJkZmeesCyJJLlQ,LKt4J9qn9e99YfNSYFyQBw,4,0,0,0,N,sR4EOfPuI-at41uIxIZPhw
41878,10/11/2007,g2YiTTAmSIWPIIuEsZWDlw,UpMTSX253d01OPY-3-sjEw,4,4,4,0,N,sR4EOfPuI-at41uIxIZPhw
42019,8/21/2010,RJkhxxcjdVpQpCjMgcJueg,IvSuiHmpOqKtjx2d_kh9JA,5,0,0,0,N,z_qEuUuRWIq4O-YufXHf1w
42140,8/4/2011,MjChvz82,gpQsisN-Lli1H23BVCt4Fw,4,0,0,0,N,z_qEuUuRWIq4O-YufXHf1w
42202,2/22/2009,DZ4zeys8dFVI1vGqZ6L9NQ,SMLX8jER7yNc3VccW8mIHQ,4,1,1,1,N,z_qEuUuRWIq4O-YufXHf1w
42448,5/26/2010,yerpDeuPF1ngnjQhZopRAQ,vJq38lzkYg9Cpdsenps38g,5,0,0,0,N,z_qEuUuRWIq4O-YufXHf1w
42488,2/13/2010,4y4N0R6UQVggaZXVOq59UA,vvrBHqUz9M9knxzly2yEWw,2,0,0,0,N,z_qEuUuRWIq4O-YufXHf1w
42493,2/11/2009,-Hw,uRPp_1bIlUMqiy1URbB2GA,2,0,0,0,N,sR4EOfPuI-at41uIxIZPhw
42510,11/8/2007,KDmiMLc4pcZzIjLcmHN2RQ,l9DkVeb2un_3H1gzAcXo-g,1,7,6,11,N,sR4EOfPuI-at41uIxIZPhw
42684,11/16/2007,pln3gO7tYDfG47zgLOZ7Hg,lqXfcPDSwSY8WvjUVFtQTg,4,0,0,1,N,hvHVAs2lhaoYo_rxOUuSTQ
42693,2/9/2010,dH6ELM4o-gg6Szm14Ku9eA,RueTNs6Tn2Lybconf_gH0A,4,0,0,1,N,hvHVAs2lhaoYo_rxOUuSTQ
42730,8/12/2012,vhEZP9ER5skTu--En79Xgw,m4yMNcpfHLAgvJJiXmBKDw,3,1,1,0,N,m5_GCJP2W4zEJnyVgxa3eA
42737,9/12/2011,LzEOXxnObnxMlU6VJzEjYw,uhOW3VzvNPXTbN-SgmSV4w,3,0,0,0,N,hvHVAs2lhaoYo_rxOUuSTQ
42756,9/22/2011,W3,TvUPvw879ANrRWY6RIdv-Q,5,0,0,0,N,hvHVAs2lhaoYo_rxOUuSTQ
42855,4/5/2012,aaj,ETpvceVRtVLjhDEgugFieg,5,10,8,10,N,m5_GCJP2W4zEJnyVgxa3eA
42902,4/8/2012,6FEbUBsmxjYcuIgouxC77g,iflEFcU3QJMEB9YFAsv72Q,5,0,0,0,N,m5_GCJP2W4zEJnyVgxa3eA
42915,4/30/2012,NbCsknufquFhywzxU6qN1w,frElgxnlsquzPA_UqFcCqA,4,1,1,0,N,_n3OmwreEGPQmiHKklsD8w
43147,3/1/2012,wYL,geTLQJRfkzDMoJ80gj-Ezg,5,1,1,1,N,m5_GCJP2W4zEJnyVgxa3eA
43336,12/8/2011,THqtq-,ZiGRJAfPCE4u2mSo1Zi06w,3,1,0,0,N,_n3OmwreEGPQmiHKklsD8w
43406,12/9/2010,04OkF7WQk-KotS9MZtNFwA,eQZS1D8aqQWHGpJ6yydVDw,3,0,0,0,N,_n3OmwreEGPQmiHKklsD8w
43429,5/18/2011,t3XQx-Vnxl03igeZ8veZww,fHn6tihVkU1dEqZ5ZNpniQ,5,0,0,0,N,m5_GCJP2W4zEJnyVgxa3eA
43526,5/25/2011,94e4hwdR6KmWcU8QEIYqIg,g4vqaneK40hv14Ps6w7reA,4,0,0,0,N,m5_GCJP2W4zEJnyVgxa3eA
43582,10/9/2011,auVTyNP7t8pWqSC-aoGdAw,Gu7RBCdjwPZgwIp58RphbA,2,0,0,0,N,_n3OmwreEGPQmiHKklsD8w
43626,1/24/2010,UZc4W2zxBzCHmHA8V5VfMw,B9bSf8lrtVWwSF8jKbtzrA,2,4,2,2,N,m5_GCJP2W4zEJnyVgxa3eA
43641,9/4/2011,0kMPQ8e9dBITMwBOQnnSuQ,p3sVNWdxfR8IO1IP6D0tEg,5,0,0,0,N,_n3OmwreEGPQmiHKklsD8w
43652,2/18/2011,zGilfLYwNnIIXIDD3wNU1Q,Q_fF04Uu5eAo0D-b3FqaYQ,4,0,0,0,N,m5_GCJP2W4zEJnyVgxa3eA
43658,6/14/2010,vmHyvP4PQi7dW4gVIFin2Q,-NcQV_0ipDx6kuh_uMuRzQ,4,2,0,0,N,m5_GCJP2W4zEJnyVgxa3eA
43660,3/20/2011,xkQPfZVa-3L5Gg4uJcoLRQ,E9v9M_-JQy42lQ0ntsrj4w,4,0,0,0,N,m5_GCJP2W4zEJnyVgxa3eA
43702,3/20/2010,064TP0bxFf6WY8SwrRJFyg,YH29BjN9UM2sj-jSihKtPw,5,1,1,0,N,m5_GCJP2W4zEJnyVgxa3eA
43736,2/8/2010,4naibCX2qxRoSh-Va4yBHQ,ILz8ApVEgTqbv5LnC6PyuA,2,4,0,0,N,_n3OmwreEGPQmiHKklsD8w
43777,3/16/2011,IWQWjlEbma3VLRbJywbYZQ,ovvnyEQNvBqA9rfabtBFLw,5,0,0,0,N,m5_GCJP2W4zEJnyVgxa3eA
43802,12/22/2010,bWIBznVz01F7LHf6cj5mZw,fOKiJUKlx95N2RSPPtyr5A,5,0,0,0,N,m5_GCJP2W4zEJnyVgxa3eA
44027,10/30/2011,qCfRfbNTGD72q7rFnynDBg,CoySD_TorGUSSvLDiL7jcA,1,2,2,7,N,_n3OmwreEGPQmiHKklsD8w
44030,12/6/2010,ku9aTTvHKI1GpIc31u2Bmw,fe4PExdCuYtTDgTfUPS8lQ,1,16,10,18,N,m5_GCJP2W4zEJnyVgxa3eA
44032,9/25/2010,rvfevdWlbZs-JSmFHgGFNw,_C6-kjq5Fm06RHV1zdQBhw,5,0,0,0,N,m5_GCJP2W4zEJnyVgxa3eA
44155,5/6/2011,vIr74UolIoKFbG8ZNN84tQ,xYFpfqvNVQpOlFoFSR-LBA,4,0,0,0,N,m5_GCJP2W4zEJnyVgxa3eA
44175,12/20/2011,mGDndK0UrFMdhnJSlyD1Ew,0Pj91NFPtXWeIDaLp2kuyw,4,0,0,0,N,28gamO9SwWMHxwB0nP_plQ
44188,1/22/2012,7d3KDm876HLHJ1zfPE6A3g,0UG0nYlyydJIshdD88LBBQ,5,0,0,0,N,m5_GCJP2W4zEJnyVgxa3eA
44315,11/24/2011,2P,Cj-g_E6W5Qjt25TeTxupxw,5,0,0,0,N,m5_GCJP2W4zEJnyVgxa3eA
44343,8/7/2009,3VWIusSTAdVlPncdY0kkVg,V96rEJqh8EexsNs_CcKo6g,3,1,1,1,N,28gamO9SwWMHxwB0nP_plQ
44371,2/15/2010,7uW1io9F0ixTZDu78oNTXg,jWTuaAaXhnRlOUuwZ_80Pw,1,1,1,1,N,28gamO9SwWMHxwB0nP_plQ
44716,10/6/2011,htx4RaH4yDfCREsrX4Bryw,8hPxb408gHfOl2ceJlGJUw,5,0,0,1,N,q-_jW5lauONk_58S-wVIrg
44797,2/13/2010,CR66DxuwAulNE,y1PxpfifiQQEG0q0Ak9pfA,4,0,0,0,N,28gamO9SwWMHxwB0nP_plQ
44849,1/22/2009,zbhyN,d24VuwXubL8rwRtn5RAzWw,5,8,8,7,N,q-_jW5lauONk_58S-wVIrg
44852,4/15/2007,e6R2J8Hz-NoSR7rhS281dg,tDoxvkfbddfibqeY2SR-GA,4,6,13,6,N,q-_jW5lauONk_58S-wVIrg
44893,6/15/2010,wom7JehmIxSAwlp94utvgg,eo0A4IySmdYZWtf1BHGRBQ,5,0,0,0,N,28gamO9SwWMHxwB0nP_plQ
44926,4/20/2009,UY-IDeM5b,ZuqdXLgKpdy-lWjM8lAghw,4,2,2,1,N,28gamO9SwWMHxwB0nP_plQ
44965,9/20/2010,vuHUNMxtgURIhAJZW4GUKQ,uWCX6_Me5g-C_tkQnEku4Q,5,0,0,0,N,28gamO9SwWMHxwB0nP_plQ
45031,4/30/2007,evwn,xrv3DcyASxXSpnoUh3AXsg,5,2,1,1,N,q-_jW5lauONk_58S-wVIrg
45135,12/5/2011,zemJJwvJhS7gDQzdAgAZeg,9EI94e2iuU7-zWxr05eJGQ,4,1,0,1,N,ALwH81_sqskLmwfWS-_eeQ
45183,9/6/2011,398YPteKxloAYZ8bdRRn6Q,A_6gdLke4noWZYSkmAZMsw,3,1,0,0,N,q-_jW5lauONk_58S-wVIrg
45184,5/30/2008,ACJZp7XbTtU43qKv24mj7A,SAnzfKDIEvHLy0ZjcnF40Q,4,2,2,1,N,ALwH81_sqskLmwfWS-_eeQ
45225,4/6/2011,ph,P35hO0H4iitMOP7igiQUAg,5,0,2,1,N,n-mj6IJkWyCu4BuD2dvm0A
45424,1/23/2010,PldL-aI785wE7pTTfaGM,93K780BHISH5Js0a7GGTpA,4,1,1,0,N,ALwH81_sqskLmwfWS-_eeQ
45434,5/24/2008,SDCJ7AnKLiQ5UtiIQ,8TFM34ivK83VFHHQtxi3Nw,5,1,0,0,N,n-mj6IJkWyCu4BuD2dvm0A
45557,12/19/2010,JAXlbeH1jvK6NCq,o0qcrVxAEMlfj_AV1Z1mdg,4,0,0,0,N,q-_jW5lauONk_58S-wVIrg
45673,7/5/2011,FF,-7yuMlEvNOWeuParquf4YA,5,0,0,0,N,n-mj6IJkWyCu4BuD2dvm0A
45687,5/17/2009,PRQRBiWxGpi6mXpETmQurA,OrZ-FZ0fnID6II65HuCFhw,4,0,0,0,N,ALwH81_sqskLmwfWS-_eeQ
45701,12/16/2010,73,SZhFfOKaaL4liirkdMdObQ,4,0,0,0,N,q-_jW5lauONk_58S-wVIrg
45709,12/5/2010,GEb62aYKynlRyTOMm7mg1Q,LOGUXX66n_ucTB4VT0wnxA,5,0,0,0,N,q-_jW5lauONk_58S-wVIrg
45739,8/18/2010,aX1Uog4IvUqGNlzdlQ5sXw,xHtWDV4zEp-lXYeGqRAkLw,3,0,0,0,N,ALwH81_sqskLmwfWS-_eeQ
45782,9/21/2012,4sGk0iD67IMVRmG,CRM-hu0iMp1hjiAZSzyLOw,4,0,0,0,N,sDYjKyI_67eUhFAqVneYjA
45852,6/25/2010,99cNHCq8WYfN39eiWS-laQ,9dduNFFG_2Bsag_sioBMzQ,3,0,0,0,N,ALwH81_sqskLmwfWS-_eeQ
45869,7/6/2011,8gXM-64GJ98fLaVKhlBWkg,TH80R3OpZdIPRJ2Vt1EU1Q,3,0,0,0,N,ALwH81_sqskLmwfWS-_eeQ
45891,8/16/2009,9--kXVILoX4qcVM4WvvunQ,smfNzGHWjfT-3KXOpvo7ag,3,0,0,0,N,n-mj6IJkWyCu4BuD2dvm0A
45932,3/11/2012,06E8whaOMtZTD2VOaVAyjg,ySclmzrnZPLmhpj5KAN6GA,4,0,0,0,N,ALwH81_sqskLmwfWS-_eeQ
45985,12/20/2010,AidV67EluRjB,gfxQHyeSPK2CRnoXKWdKzA,3,0,0,0,N,n-mj6IJkWyCu4BuD2dvm0A
46050,2/24/2008,gLLBWQd9b0qITEhFG5s9uA,OOI8tlKd4o1i9_jcuDHNkQ,5,2,0,0,N,ALwH81_sqskLmwfWS-_eeQ
46058,5/26/2010,4aJDz27JPLcUy8womPLOHA,d1zhliJtflgTN53EPxih1g,2,3,0,0,N,ALwH81_sqskLmwfWS-_eeQ
46090,12/29/2011,swwEIdL2GM3CaYLReFg2sw,p0DRbuNP_WxBMJG61ctIpQ,4,1,0,0,N,sDYjKyI_67eUhFAqVneYjA
46217,12/12/2011,w1idQ1K6DSrjAP,JnebhELNs_NYvPNGHpowvA,5,0,0,0,N,sDYjKyI_67eUhFAqVneYjA
46228,1/7/2012,9ypv35X0NuuTOa5A1mQREw,hIlQOXn094Q205B_vu7Sjw,3,1,0,0,N,tW2jfL-qMccAYZSghPBbHA
46302,4/25/2009,mOG2M6xmObuKWnrPQxGpiQ,U2LBf5y7G52IbKVueZD07g,1,0,0,0,N,ALwH81_sqskLmwfWS-_eeQ
46338,11/18/2009,Gs,vDu8DaYp80vPLn9uMbCGNQ,4,0,0,0,N,ALwH81_sqskLmwfWS-_eeQ
46369,5/17/2010,c-0Tea4XLvQOd96PMKcgjg,DsJp9vkIaeLkrnURuEM1vA,4,0,0,0,N,ALwH81_sqskLmwfWS-_eeQ
46447,7/4/2010,8lDw9JELEUy2cT8-U6g9zQ,TBNMTycNG7-CgHtRCqc-wg,3,0,0,0,N,ALwH81_sqskLmwfWS-_eeQ
46485,5/27/2008,MjdRq5H3dzAbuJJ6m3OODg,KQFyk0BY7GFU07q4MCxFuA,5,3,0,0,N,tW2jfL-qMccAYZSghPBbHA
46613,3/25/2008,0mE,WYaye_Vs3eWFTLar5_miLw,3,1,0,2,N,tW2jfL-qMccAYZSghPBbHA
46849,7/17/2010,lLPGC4EozsKAx4c8heJSxA,H8-KPfrZbLK1DLQBt6cy7A,4,1,0,1,N,juop6_3dLfPDo-un-ZuXrg
46971,7/15/2011,jOkTGJGtGExC,vJ-WvNDas79lT6VJC2cQxQ,2,0,0,0,N,juop6_3dLfPDo-un-ZuXrg
47077,7/15/2011,wSRnd3zDN,3Rl89_61HE0nICVTvxRnwg,4,0,0,0,N,tW2jfL-qMccAYZSghPBbHA
47139,5/9/2010,5Lhs73lg8f2rsY4QV7CFmA,R26UWcloAPxT67VOp_ejpQ,5,0,0,0,N,juop6_3dLfPDo-un-ZuXrg
47144,11/25/2007,Y-MeypdBP,IR9EF_mGgkG7kvqg1R6HRA,4,3,1,0,N,tW2jfL-qMccAYZSghPBbHA
47200,12/8/2010,5tIHtOiDeWHwZEELgR9Fdw,4A1lJvjAffIwuVAeT_pFXg,4,0,0,0,N,sDYjKyI_67eUhFAqVneYjA
47224,1/18/2007,Itsk,HZ-7I3EwycFfa0hDtmwBbg,3,2,0,0,N,tW2jfL-qMccAYZSghPBbHA
47276,2/21/2011,eCAt8O3jWR1c,TtW29c-f6xMOhAX5x0c5zw,5,0,0,0,N,sDYjKyI_67eUhFAqVneYjA
47381,3/25/2011,UeVr3fRui6gHJ4mGJbgByg,ziuPMLEUR49b-lzr2nSy6A,5,0,0,0,N,tW2jfL-qMccAYZSghPBbHA
47404,12/11/2010,j-oYwcML1DAvSD5zK9WF6g,lSsVQq2GqA-IdEtiyrZzKQ,5,1,0,0,N,sDYjKyI_67eUhFAqVneYjA
47526,1/10/2007,2QH6foX0Gi57AETyljjwPQ,kuj-vqEOHOwUjswReZFjMQ,5,0,0,0,N,tW2jfL-qMccAYZSghPBbHA
47769,10/27/2010,zVlgG0CzU,ARXswZQ4aDfhPnMYSbzcSw,4,0,0,0,N,qqax04alS3UPx0Yp4jJNDQ
47782,9/15/2007,V3R9kqzYxCBUIaroiy8dQg,iJALEvsls-vbOjVXpHjPqw,4,0,0,0,N,qqax04alS3UPx0Yp4jJNDQ
47817,9/2/2012,3DDn4HkKAOZvNP6,pEkqOG7-yz5IJmUxbspcrA,4,0,1,0,N,rnjz2KNgsQ2YaC_kjeuuAQ
47913,10/3/2011,qE4pLuBX2bsVlQ39JBXwZQ,YWACSjjhVA3kFWxWGd2S5Q,4,0,0,0,N,rnjz2KNgsQ2YaC_kjeuuAQ
47936,6/20/2010,AUGSYbvOqWUVJJwuZK1Ylg,s5KC1Hx2jsfUg-ZL61I8XQ,2,1,1,4,N,qqax04alS3UPx0Yp4jJNDQ
47968,3/17/2010,yWBZyzcxHy3dTVcTlxVyaA,6EHbIv5w2I4XbXs3dG_D1Q,4,3,3,3,N,rnjz2KNgsQ2YaC_kjeuuAQ
48033,4/22/2009,hedbDE6HRKIEeY6LUFlP4Q,qNgmvqt7zuLt1g9o-TFSdg,4,1,1,1,N,rnjz2KNgsQ2YaC_kjeuuAQ
48291,2/28/2012,7ytqSiDefqzK1s1rdpZEAQ,8QftS_uW9NmrliKGYvgfGA,4,0,0,0,N,1QKqtC4vML3QhkrSzwR_tQ
48408,5/6/2008,eos0NUxTAEGTkZ8Lz71yLQ,CY0b8_ucmeSbdNSN0NkiiQ,1,3,2,2,N,1QKqtC4vML3QhkrSzwR_tQ
48422,8/23/2012,7-TsqmPN6yZ4o202e6xCRw,PWxlrnOv1egbu1-BecM2AQ,5,0,0,0,N,xjZ9eqYrzMrl2v6_1Kv6hA
48439,6/5/2011,zqmRNKcGJLZ39yPgrRLIrg,HGFeEzA63mm2Hb_8M58Zcw,5,0,0,0,N,1QKqtC4vML3QhkrSzwR_tQ
48504,9/9/2008,Oyk2u,P4NItespFWbCDnPDMMR5Qw,5,1,1,0,N,1QKqtC4vML3QhkrSzwR_tQ
48572,5/16/2010,MWLclTBevKxvf2Z,xV2xivpnriHjfTEjOi0auA,5,0,0,0,N,1QKqtC4vML3QhkrSzwR_tQ
48645,4/8/2008,Pl2UWacGkk-oQLNcAjG2Dw,plSWAOWe3YygrHwsdU3lEQ,2,3,2,1,N,xjZ9eqYrzMrl2v6_1Kv6hA
48665,2/12/2007,-3N0NWwEVa7Bv25wpONG6g,HjqA-ENT4bS71nfBFWQY-A,4,3,1,0,N,xjZ9eqYrzMrl2v6_1Kv6hA
48709,10/3/2009,nkfQWS6YeaJ1Nm11zIiWig,-7IzW4UoZ_aYM-FX1Lclmg,5,1,1,0,N,1QKqtC4vML3QhkrSzwR_tQ
48761,8/19/2009,BY3jlQSR9k2RKzFMn16zdQ,FzNu23D1AqqqCrsA8CFPIA,4,1,1,0,N,xjZ9eqYrzMrl2v6_1Kv6hA
48788,8/4/2008,P0MTFqEsfyVMo-Zzyf,KQhLF7fFymuvUJNf7SoUoA,3,1,0,0,N,xjZ9eqYrzMrl2v6_1Kv6hA
48794,9/22/2010,JKdPGvsVoCGemEbnkYw9Kg,ckVfHyf9zS-kkegoxCsAsw,5,1,0,0,N,xjZ9eqYrzMrl2v6_1Kv6hA
48811,9/2/2009,W9CzxK6zzUxsoLptBuGF7w,TEnioRcn8z5zP381Lzd1Jw,1,0,0,0,N,1QKqtC4vML3QhkrSzwR_tQ
48853,7/17/2010,VtUWlNFngdGGUZs-81xWDg,UKEwAicyOxKXDRx4wsTmuw,5,0,0,0,N,1QKqtC4vML3QhkrSzwR_tQ
48895,7/1/2009,IvX9zGIEpQx,1GIjQ4C_nPXU1drO03w4Cw,4,0,0,0,N,1QKqtC4vML3QhkrSzwR_tQ
49077,12/18/2006,QtbTFuFCIIJ52W-QoVbmlA,ulWz5y_N1qyafo21Y0i90A,5,2,3,0,N,ms5ge1XY9-Alu7HkybAMdQ
49078,11/10/2007,w0RaceN47bvAmK0AkGmFIA,THE2FJCXhH4F9DRUzWUbUA,3,2,1,1,N,ms5ge1XY9-Alu7HkybAMdQ
49081,9/10/2010,6QqfLrj-cR89k5EI6TCuAw,o_8sVoYIFnoVun5YY_lAEg,4,2,1,1,N,ms5ge1XY9-Alu7HkybAMdQ
49123,11/25/2007,S6u,cs6Lum7cQq5a7flTMnAvsg,4,1,1,0,N,ms5ge1XY9-Alu7HkybAMdQ
49136,9/9/2009,SJLuivuiu2QQjee4tlbOKg,L4CXCKMj2NDsr8fd2_XmkA,4,1,0,0,N,ms5ge1XY9-Alu7HkybAMdQ
49160,9/6/2011,O7v87pq3hyVajzbtQ36qcg,R_ziWBRNb7SjuMBzZIcIsw,4,1,0,0,N,ms5ge1XY9-Alu7HkybAMdQ
49222,5/7/2009,tbTUGedvS4wRFsU0Kb-54A,sbrUz4rcLA9O1T530hIMDA,5,0,0,0,N,ms5ge1XY9-Alu7HkybAMdQ
49251,7/6/2010,EFuKiMpPgh6Opc,mjz5k3HsPwkpn4A82Es8sA,5,0,0,0,N,ms5ge1XY9-Alu7HkybAMdQ
49254,4/19/2011,PlXPzaLPrZZ2qgcXcKB7eA,zNMYEX6gKpYeVb80ce5F8A,2,0,0,0,N,ms5ge1XY9-Alu7HkybAMdQ
49404,4/18/2011,BQQWTxQXWWM,Tzcpqe--vz0QgzzlTUQlfA,3,1,0,0,N,ms5ge1XY9-Alu7HkybAMdQ
49440,7/23/2007,Xp2KBSML6N,bzCcQbknoZ7WQL5KB356Iw,1,0,0,0,N,ms5ge1XY9-Alu7HkybAMdQ
49695,4/21/2010,nZDGd6WDl,Nu0wVubDJMUq_ZWM9O01hg,2,1,0,0,N,Btjt4D8dJ-yEdsts3Tj5Hg
49748,7/23/2012,d7sxExR6k3zmCBgHljV1Kg,AwA4gGe5-IIXgYa23FSGPw,4,0,0,0,N,h-CNRJ-bqSZvz75J4A9cFg
49846,11/3/2011,PcESZixGODYeXGAt8fWFOg,0jcvdm56uvqE6OIqECegrQ,3,1,1,0,N,h-CNRJ-bqSZvz75J4A9cFg
49989,12/29/2010,bWoTlfLZe36gW35FUcxgkg,EQEUgKg1h28zrynXljifBg,4,0,0,0,N,h-CNRJ-bqSZvz75J4A9cFg
50047,2/27/2010,cPrzoy2pUUciA7ccvgpNiQ,TuasuP7RbWoS-qybGkj8Qw,4,0,0,0,N,h-CNRJ-bqSZvz75J4A9cFg
50084,8/6/2009,j5wzNj3tz5igYI0XHPtLDg,TtW29c-f6xMOhAX5x0c5zw,4,0,0,0,N,h-CNRJ-bqSZvz75J4A9cFg
50090,8/2/2010,AdsLS4iG4FCz,vmfGu5JBBpL2ngeqtcj9qw,4,0,0,0,N,h-CNRJ-bqSZvz75J4A9cFg
50195,11/18/2010,GQ45K68,ywafNADXYfNANIvhzJswhA,3,1,0,1,N,h-CNRJ-bqSZvz75J4A9cFg
50203,1/3/2010,UkZV9TERTjRC6Itpoe,vM2nmJKW0PljzgT8Nfucjw,2,0,0,0,N,h-CNRJ-bqSZvz75J4A9cFg
50270,9/25/2009,06nTEyiIjelgM83wKfzGTQ,f6YrJv1RV-vTQ0CGJdL7OQ,4,0,0,0,N,h-CNRJ-bqSZvz75J4A9cFg
50300,8/6/2012,QKMdK3b8,JSbptCz_mzQ0sQJN94wcwA,3,0,0,0,N,4wreIFjaPMppyEnzKHbozg
50435,5/17/2011,WDMUZjU2jYVHP2,cz8V3wu_Hb85oQQYKTQYOw,5,0,0,0,N,4wreIFjaPMppyEnzKHbozg
50464,8/28/2011,TA-zpdR1MKpF6uYxQ9cqOA,nNR_Wj6IM1yMRCf7zsIYgw,5,0,0,0,N,4wreIFjaPMppyEnzKHbozg
50563,2/11/2007,0sm7JB5u82P7fJwIRW5fug,v5zH1Tjogpp1M6pD0IF43Q,5,1,0,0,N,4wreIFjaPMppyEnzKHbozg
50570,12/8/2010,nMxm-vLZE11m8UP0LyB3ZA,Q6PIexKxto5LKJ6wEKvrwA,3,0,0,0,N,4wreIFjaPMppyEnzKHbozg
50664,2/5/2008,EUcyQyi3uswmUl1NQo-upg,BitdrPsmX1SJtNHFpWuj5w,5,0,0,0,N,4wreIFjaPMppyEnzKHbozg
50780,4/26/2011,3PZ8RuC-MJY4zML5Ms-Bzw,pWPObxT8Soov_T2Wgfp18Q,4,7,5,6,N,4wreIFjaPMppyEnzKHbozg
50880,9/29/2008,Mwx0mYcDpJpZTqRpb9hpAQ,DI_UG-rvI0XQkv8fDfBcMQ,4,0,1,0,N,4wreIFjaPMppyEnzKHbozg
51059,1/23/2009,6gvV3zd-LMjGl1pThg5j6A,Auxm_FHEbvsH3i6eF9Wihg,3,0,0,0,N,4wreIFjaPMppyEnzKHbozg
51082,8/2/2008,e6QlTlnU-aOcC8a9S81n9w,VIVU9P3JCX1qYqy9Md-hcg,4,2,1,1,N,4wreIFjaPMppyEnzKHbozg
51251,12/11/2011,Vx9B25IO892BVv3ef39q-w,3ggfsQD8ti6YfDz6kgxReg,1,0,0,1,N,ptRZlXxngjFj5gghwPNNHA
51285,4/30/2008,FqqyjDi67zJqkkUZTW9Hgg,srsNCnZHgQULEiHY7cnWmw,4,0,1,0,N,ptRZlXxngjFj5gghwPNNHA
51338,10/25/2006,1tppvhxIBmEBP9K8TOA0VA,YpL_k2GqiH2ba28MoJ4PYA,4,2,0,0,N,ptRZlXxngjFj5gghwPNNHA
51352,9/1/2009,OSxlS36XKpgxrk1tkMoQkQ,dve_EgHhPTlR6dy39xD1qA,4,1,1,0,N,ptRZlXxngjFj5gghwPNNHA
51410,4/9/2010,lnaCUrN9McoxQ25yC57bxw,XQPFioi3Rc55sf1i3q1cCQ,5,0,0,0,N,ptRZlXxngjFj5gghwPNNHA
51683,6/30/2008,JfVX7chYvszFHDh-QdkUJQ,a1EQrPEdyYfhwRaSYUXQew,4,0,0,0,N,-pO0hsi0xlF4FwqLGJUizg
51704,4/3/2010,KCnztkH-DEHC2Db1im,uBbGdIpbieFQFVLOQh_8Yg,4,0,0,0,N,-pO0hsi0xlF4FwqLGJUizg
51721,12/28/2007,H6W,jOBIRVWCWZfkUqLlb9ilNg,5,2,1,0,N,-pO0hsi0xlF4FwqLGJUizg
51739,5/16/2009,PbInRyL1qGFnP-CniSUfxg,EQEUgKg1h28zrynXljifBg,4,1,1,1,N,-pO0hsi0xlF4FwqLGJUizg
51882,7/16/2012,orurXHQHq8oLFl8jyAhf3w,tcNfkr9GYMXmPYf0DEd-Fw,5,1,1,0,N,oCTlReyKjJxKPFYfCurxxQ
51886,9/1/2012,UXFnZfSTKVRyvyPahc676Q,CMuQajebW6Nkinp3xixh9g,5,0,0,0,N,oCTlReyKjJxKPFYfCurxxQ
51945,11/11/2011,tK4oKKZ0Lz5OAo3yF-cy2w,zHvS1F_6wOPSLUk6vpDEGA,5,2,2,1,N,oCTlReyKjJxKPFYfCurxxQ
52094,5/1/2012,d0pwmVPhDlWmn2v1c,joAsz786F60m7OM1843ehA,3,0,0,0,N,oCTlReyKjJxKPFYfCurxxQ
52262,3/29/2012,XA9dE6l7gW47weaG3oU3PQ,FHfjAReTovbu0chLv-WGrQ,5,2,2,2,N,d6UbRb9W5eA1yL-DuVZ8ug
52394,5/20/2008,GQROkmfDuoxTYU1kCuG0,yVGGFWpTz5QhoTcBqVo41Q,4,2,3,3,N,d6UbRb9W5eA1yL-DuVZ8ug
52459,1/12/2012,TD3ZFmQx,yfpj5nrIWxdDZigcy4Bq8w,2,0,0,0,N,d6UbRb9W5eA1yL-DuVZ8ug
52467,7/4/2008,cTGeALQxVV1646XIjvOb0Q,WekSKA5paeoZx-uWeDRQDg,5,0,0,2,N,d6UbRb9W5eA1yL-DuVZ8ug
52497,5/22/2010,cDDD8QYSPzk0iAMOTMS26g,8mV8ONazgmpRwhR3E5PcqQ,3,0,0,0,N,d6UbRb9W5eA1yL-DuVZ8ug
52582,1/7/2011,xpYVrgJp2-x,z96eQlEDrQVvxtKyymwTLg,4,1,1,0,N,d6UbRb9W5eA1yL-DuVZ8ug
52740,9/15/2012,E7F5pDsRRSHs4bFti5tAGg,d7xA2kRYIH0m8muwOWnsSw,4,0,0,0,N,LMaoM2Ue2BR_HI9ba3JsZg
52789,6/25/2012,1LIgq6U132z4DSZf5jnSRw,bW3sOnJpbXyFd2vmIW3gAQ,5,0,0,0,N,LMaoM2Ue2BR_HI9ba3JsZg
52874,12/19/2011,d0rafHGIqX44S,jfRXIPZ4_5wtsXvRh5L0hA,5,1,0,0,N,LMaoM2Ue2BR_HI9ba3JsZg
52912,5/29/2012,kwplmn0NaMJkt1uC3TlIXg,g0PyHSAoNmWx84WMuBJKpQ,4,0,0,0,N,LMaoM2Ue2BR_HI9ba3JsZg
53271,10/20/2009,CPhxFhZbxIp,EGe4aAGOBfy_oqTE6tG81A,4,1,1,0,N,LMaoM2Ue2BR_HI9ba3JsZg
53362,3/4/2009,KWe3gb7iYi,nI63GsmmFKxBGgVUBw8c5A,2,1,0,0,N,LMaoM2Ue2BR_HI9ba3JsZg
53408,1/31/2010,30hagtnJx3TVA,YH29BjN9UM2sj-jSihKtPw,4,0,0,0,N,LMaoM2Ue2BR_HI9ba3JsZg
53410,2/12/2010,p9vvUjE-EGPU4VzaxmhDWA,BYnwIlS8JLkbd_2R-iDj_Q,5,2,0,0,N,LMaoM2Ue2BR_HI9ba3JsZg
53411,2/14/2010,UZzz8uTxHx1tRRCNirSSbg,ahqGqdKc9Pn4dofAyxk-1g,4,0,0,0,N,LMaoM2Ue2BR_HI9ba3JsZg
53426,10/4/2011,C0UpROhgGkNdqQNYDys4KQ,tVoeNm39wpMTSb4V2fAYdg,5,0,0,0,N,LMaoM2Ue2BR_HI9ba3JsZg
53468,2/15/2010,tfhMywaX8fsqIB0ny32TkA,prhLNiMoKIpZpKwXeR5hoA,5,0,0,0,N,LMaoM2Ue2BR_HI9ba3JsZg
53548,3/27/2010,0yGCpB0ZG2Z,3l1kL-u7SedV8caKb0miGQ,5,0,0,0,N,LMaoM2Ue2BR_HI9ba3JsZg
53729,8/16/2010,dbwKbdXpFZF-KRNN7DELIg,pBUnwnZn-s138oGgbSYz7A,5,1,0,0,N,LMaoM2Ue2BR_HI9ba3JsZg
53789,2/20/2011,LxpTdCiECTdMaQyFKwhVnw,-XtV5ka3U5IUmukGYUNhJQ,4,0,0,0,N,LMaoM2Ue2BR_HI9ba3JsZg
53795,2/21/2010,LDzRy4lcGwzRJRs0mrVH8g,5vCdCu8KqffRSO0S8qsv9g,5,0,0,0,N,LMaoM2Ue2BR_HI9ba3JsZg
53848,7/31/2009,AHpJiTSglKwCJ8W89-UGiw,F_G-E35q20USHFseLt1ZKw,4,0,0,0,N,LMaoM2Ue2BR_HI9ba3JsZg
53955,3/17/2010,3s2Tea2YwVKsZWpBCMpGlA,MIkhsilWLC-YR2CbppdvMQ,4,0,0,0,N,LMaoM2Ue2BR_HI9ba3JsZg
53977,3/17/2009,XxB--nMZahKFH,YCj8MYPvidq1QYCv4WBKpA,5,0,0,0,N,LMaoM2Ue2BR_HI9ba3JsZg
54090,12/24/2009,c39N21LU,0AmOfyFNn3jEUyRobLjUgw,5,1,2,2,N,xjZ9eqYrzMrl2v6_1Kv6hA
54132,4/2/2009,909VKjTzOjiON60FClhrPg,sZxXpvmBUN2fSCtK_BZFoQ,2,4,4,3,N,u_Ze5HkcNXgECvYvKS0HLA
54155,10/25/2006,MzlAnPqkdOL,DecNq9BYtMwHhgdnPNGbVQ,4,0,0,0,N,xjZ9eqYrzMrl2v6_1Kv6hA
54207,11/19/2009,odQk-g1ccOxuZQVRyMJTmQ,MZr884LI_YqX4gJ47RoeIg,5,0,0,0,N,xjZ9eqYrzMrl2v6_1Kv6hA
54232,4/12/2010,iOYHV188tHU28rIsyx9lYA,8NI6hg2ldsExDc-NGX2_Dg,5,0,0,0,N,xjZ9eqYrzMrl2v6_1Kv6hA
54249,12/6/2009,51w-dCUzZUtBuehCr13KSg,jJ0mtfNG6PlxenyvtMTNaw,4,0,0,0,N,xjZ9eqYrzMrl2v6_1Kv6hA
54275,2/16/2008,pF60D2LY9bXgtA45OhoD1A,5MI-yPWJ6E-Bgw-CZlFLJQ,4,1,0,1,N,u_Ze5HkcNXgECvYvKS0HLA
54335,1/31/2009,xQiqV0I5kBH2eusasKTXzQ,ZXwchF53SY6GOvk8WKkYNg,4,1,0,0,N,u_Ze5HkcNXgECvYvKS0HLA
54385,7/11/2012,Ozf-CXVokYS86H0xw6BF2g,O99CWwBoTLF9TozsfZ7A9w,3,0,0,0,N,2WoMT3wSpp9vxZeTv6u-cw
54399,3/5/2012,QyZW9r-KwPWta6HobmhpMA,1pAnLVuwdtbOdolIoXtQDg,4,0,0,0,N,2WoMT3wSpp9vxZeTv6u-cw
54507,11/14/2008,U0JgZ9mzaogdD0hR7mZvug,682ivlLd3w4ZbGFOYFTC0A,5,9,9,10,N,2WoMT3wSpp9vxZeTv6u-cw
54571,10/23/2008,fvFH8ZKGpKOwYyEYXdbwvQ,a4ryDcytriQaySpT2kLrxg,4,1,2,0,N,u_Ze5HkcNXgECvYvKS0HLA
54574,1/1/2010,qfWtGJy3QuFvEbjOyZsk3Q,eF5_62JDaTquqctPWrAAdQ,5,2,2,0,N,2WoMT3wSpp9vxZeTv6u-cw
54588,4/20/2008,6XekhiBsFsSd98aRC2jPjw,VcPj1gchy48KWnMk4kMI-A,2,1,0,1,N,u_Ze5HkcNXgECvYvKS0HLA
54684,12/16/2011,GfnmfP-4EI4tAwe5YSBfow,oUfwqMzW6OBvMlK4ndeg7g,4,0,0,0,N,2WoMT3wSpp9vxZeTv6u-cw
54721,1/23/2010,1MBAf7KJpTlQrhMDeyDalA,Bhv2EYzdkipBUTRZQWWJZg,3,0,0,0,N,u_Ze5HkcNXgECvYvKS0HLA
54963,6/2/2011,jEVnjZVxLA-83Fjv9i9GSA,GZicDljVhycTcM_DRW41tg,4,0,0,0,N,6gZTET0y7ARZMrbJRmI2mw
54980,10/26/2010,J54AAGTrtoo4PWq5vhDqPg,MIxRruPJlSCNLmjKI8bLRw,5,0,0,0,N,2WoMT3wSpp9vxZeTv6u-cw
55130,5/19/2012,YkV5Xl0iTXrb65LQK2NcLA,k2Q5QScZHRHExQmQaY7vlA,3,0,0,0,N,6gZTET0y7ARZMrbJRmI2mw
55150,9/9/2012,rnb6QBlFTEr6zGqEZCrnzQ,BQ57ozOfCRqIt7AiRV4eaw,2,1,1,1,N,ElCbMJRjgu9LDj4MxOKXew
55184,8/26/2012,Bzd33BYOPW-nCA32t-dgvw,2y3fgZetdp8kToXuy0x4aQ,1,0,0,0,N,ElCbMJRjgu9LDj4MxOKXew
55189,6/22/2012,dBGdebtvEUW39YbZQ6bH,un8XbciuJ7FSj8yqvZXoWQ,4,0,0,0,N,ElCbMJRjgu9LDj4MxOKXew
55210,8/17/2008,XwXK9wwRE0gyj80TFCrIXw,NYKpyOLlVADsdZzcJ19_Cw,4,0,0,0,N,6gZTET0y7ARZMrbJRmI2mw
55260,6/3/2012,thOBZZSIBf5jL6FMvwvSVg,4U4vN1wDwgaSUBmV7dTzqw,5,0,0,0,N,ElCbMJRjgu9LDj4MxOKXew
55337,3/24/2012,HfOIYrbuhraZmZX7EnmETg,SwjaMXIoXKKLmH_MX6aXrQ,2,2,0,0,N,ElCbMJRjgu9LDj4MxOKXew
55372,3/31/2011,U-bx8n8,FqHNMGc_-BgX4svll0SwLg,4,1,1,1,N,ElCbMJRjgu9LDj4MxOKXew
55375,1/11/2010,244vBq-p,QVL8mqNUrGGvQfOVFWOUTw,5,0,0,0,N,6gZTET0y7ARZMrbJRmI2mw
55393,7/6/2011,1b-96UZ8ZexNIXNuZAOMRA,UcPqBjPJnm0B55MQYGHcaQ,3,0,0,0,N,ElCbMJRjgu9LDj4MxOKXew
55527,4/23/2008,DaV6UA30sU0wFu24EM5h5w,suHdEetIOy16eP1BmhqKXQ,5,4,1,1,N,ElCbMJRjgu9LDj4MxOKXew
55546,12/27/2011,9jEyAYHICSfOddta-tv4uA,k5ncWbjrM11_EjGPdU1s_Q,4,0,0,0,N,ElCbMJRjgu9LDj4MxOKXew
55602,2/22/2012,rWuxOkCIqwF9DB16olbOfQ,phTMabf1EAiVGe2Hnl8ZNQ,4,0,0,0,N,RYw_no9ohtCg09aKorVffg
55617,6/29/2008,0yVwu,It7QY57C7P2bLYRjz-o0vg,4,1,1,1,N,ElCbMJRjgu9LDj4MxOKXew
55627,7/13/2009,b7NXeWZScQ4lvs6IBUW4BA,TtwhWwNSqDv64M2EnYZE8g,2,6,3,1,N,RYw_no9ohtCg09aKorVffg
55746,1/11/2012,e0s3Vxp3e,6KUFIw6CA2cJxy0-2lq6ww,4,0,0,0,N,RYw_no9ohtCg09aKorVffg
55771,7/25/2008,Nfo75b2RNAR,Cc9gGWVDRKcdbUygrBMloQ,4,1,1,0,N,RYw_no9ohtCg09aKorVffg
55794,3/5/2010,ac,OOt-EQF9Fhagibq23Ya6uw,4,0,0,0,N,ElCbMJRjgu9LDj4MxOKXew
55827,3/29/2008,--JiEGL38ohcfPDJx6I,fiPu0gIWR4UKy5tiqgbwXw,3,1,0,0,N,RYw_no9ohtCg09aKorVffg
55902,8/4/2010,O6g4XEifvYDUTH1m1fOUnQ,HdBuA62uCLcT01WYiNvQYA,4,0,0,0,N,ElCbMJRjgu9LDj4MxOKXew
55913,8/14/2011,EKQLqBkmLzY0shf0obt83Q,dh5ZO7NgZiYSZXmV4Y7rJA,5,0,0,0,N,ElCbMJRjgu9LDj4MxOKXew
55974,3/10/2009,V22DU5QE,6M7KHIOcPmXb5Yst-7Bz_A,3,0,0,0,N,RYw_no9ohtCg09aKorVffg
56053,8/26/2011,moZje7s0SqSACOiP1yTlyg,LS5EhZUXFEmFF7ghiIqCmw,5,0,0,0,N,RYw_no9ohtCg09aKorVffg
56188,5/23/2010,YA-r5yq3Omc3HJIKTi-K2Q,_iMNRvx3vKos3xfW8JOsLg,4,0,0,0,N,ElCbMJRjgu9LDj4MxOKXew
56245,4/20/2009,4G2TkGqCo5ZYg24GkLB8pA,VHMJDk1SGw_gZ9Yx7DCJQw,2,0,0,0,N,RYw_no9ohtCg09aKorVffg
56482,10/17/2006,Qg0F33WKzkYuoPLTT25GfA,mo9Bywg2zuWbAIqmtNjW5w,4,2,1,3,N,08X_5WTOVNvk4SgPRKBjjQ
56494,8/15/2008,LDo8cB-qUEuNRtyFyXBMMw,-Ep3EmRoIiK2ocP0FSvp2g,1,3,0,0,N,08X_5WTOVNvk4SgPRKBjjQ
56599,10/1/2008,TTyPuxBXLZT39fE9FNhZnQ,8zYOBhFJCd94FHutn2Gwhw,4,0,0,1,N,08X_5WTOVNvk4SgPRKBjjQ
56686,8/3/2010,E-gWg1L1BNI3SmjL3Fhzow,er_iK7jwTO5bw4EYDIaXyA,3,0,0,0,N,08X_5WTOVNvk4SgPRKBjjQ
56806,1/8/2011,HVIZ8v3Mogt,dvtkMbQa13VynL5TWLbiLA,4,0,0,0,N,08X_5WTOVNvk4SgPRKBjjQ
56807,3/4/2011,XyFcVlpi6WcOntTZZ686,JJNNf9tmrUgxJSOLw1koEQ,2,0,0,0,N,08X_5WTOVNvk4SgPRKBjjQ
56827,8/5/2005,Efl1Zu6udR5zV8MzeVdOGQ,BuLb6mmPyLqFNpWH6qWX3Q,4,0,0,0,N,08X_5WTOVNvk4SgPRKBjjQ
56853,5/3/2009,0iK8EKxfESJJ5m,WCNWvuVH05zTMOq9hUJuVw,5,0,0,0,N,08X_5WTOVNvk4SgPRKBjjQ
56875,4/3/2008,0a5TC2dlY1uKzQU6Mb3dww,ZtcyjmbdBjOjVawb70VO4g,5,0,0,0,N,08X_5WTOVNvk4SgPRKBjjQ
57043,12/18/2011,teP19vU-ETvda-j9IvYRjw,U8pbPSFCnorDZuhqi4Xubw,4,0,1,0,N,ibreTMGGaQSanZttUchjKg
57132,10/31/2010,XRWVYBeVyVXwz,IXUgF8UKDsmqXgMcl6_Oyg,5,3,2,0,N,ibreTMGGaQSanZttUchjKg
57178,4/23/2008,85y6UsQPufJEwnNOQEwzPQ,5F4MyQ8HrWOscQJDWKmoEg,1,1,1,3,N,ibreTMGGaQSanZttUchjKg
57195,10/20/2010,eBgsdTxHlGqfcj,bLmwHcFCRRW5pwrfTzOkwg,3,1,0,0,N,ibreTMGGaQSanZttUchjKg
57561,7/25/2010,tI33h52ivPq5,bDQMyJrkOxIN-vithzmpMg,5,0,0,0,N,ibreTMGGaQSanZttUchjKg
57596,8/25/2008,vaIeAcwPhpSup10FweT58g,4eFPsecxqtkpgJT79vFD_Q,4,1,1,0,N,ibreTMGGaQSanZttUchjKg
57597,4/27/2011,2cTHbfhZ8UoXTxrJzG6jFA,GUs8BvCnLHQ3_gOb1EWKCg,5,0,0,0,N,ibreTMGGaQSanZttUchjKg
57666,2/4/2011,Io7DRUVR0ZN,MtlkTmXWdobERbb9-vf-tA,1,1,0,5,N,1iehp7Z2kejBq3RSeb4Dxg
57674,5/23/2011,GrcROgXqMBN7NswAgF6LXQ,5M_v-m1nlA0CXO_f1iBFmA,4,1,2,1,N,1iehp7Z2kejBq3RSeb4Dxg
57705,8/27/2008,3XhSmF63OSADxuS,r9jimo2ApyIQNMhQKvMkHA,4,2,3,1,N,1iehp7Z2kejBq3RSeb4Dxg
57771,2/15/2011,78a4ip74RH3yAatLYV2qcQ,ziBhmecaEZY49TMJb6yB_A,4,0,0,0,N,1iehp7Z2kejBq3RSeb4Dxg
57891,1/1/2007,fjT9hFYumxdy0Oso8PtTgw,DecNq9BYtMwHhgdnPNGbVQ,4,2,3,1,N,1iehp7Z2kejBq3RSeb4Dxg
57932,1/11/2007,fHPaMo448p372HFOElve3Q,lHbrmo1P02iqhEVJptRfPg,3,1,0,0,N,1iehp7Z2kejBq3RSeb4Dxg
57979,8/26/2008,YsYBsGh,51Wn2wgYHEBgT_mIB9AeSQ,4,0,0,0,N,1iehp7Z2kejBq3RSeb4Dxg
58135,5/16/2011,ZPAt3WkuZqghoDcGAlPnrQ,AVfwXXqM9KOi_rZ_ALxxoQ,4,3,3,3,N,mCHto10PBQOKnefm7gholg
58212,1/15/2012,G9hzAjvfHGTZ0JbzcWckBw,QAka-rQem50wYyB_gaTzAg,4,0,0,0,N,mCHto10PBQOKnefm7gholg
58215,8/21/2010,EJaG6JA6g6rzKf6FzWi-ww,6fPpVAi8Set2FQ-pgEeG0w,3,3,1,1,N,mCHto10PBQOKnefm7gholg
58219,10/5/2010,vlvqrA,FA0qTPinqNgLTbeYwiikUg,5,1,1,2,N,mCHto10PBQOKnefm7gholg
58220,9/4/2009,kzXJMcYIw-RAm6aEWQ7F3A,EEESiKQoL9jwHj10wU2Ynw,3,2,1,1,N,mCHto10PBQOKnefm7gholg
58286,8/2/2010,5bJPJXp5kI3VK20USWf0tA,1H4LpQC90Gn0FttHl34vCA,5,1,0,0,N,mCHto10PBQOKnefm7gholg
58550,8/14/2010,ci0guqCPmwKpXhlH0wWbkw,I46Hd_XZbi_DOFRwJkFAcA,5,0,1,0,N,mCHto10PBQOKnefm7gholg
58553,9/28/2009,mBukMvSvNZ1Zc5DSJgafVA,POZ2umANF_FugUgvJQ06YQ,4,0,0,0,N,mCHto10PBQOKnefm7gholg
58689,1/5/2011,QyC3lC43HQlL-nCOqvuR3Q,qJ_KHethyeYpFMX0JQ0VFQ,5,0,0,0,Y,pbEiXam9YJL3neCYHGwLUA
58706,8/8/2010,NabNNdtDTecrhNKZY8fTcQ,xjbuyyAFsZg49PJjIe8Mag,5,0,0,0,Y,pbEiXam9YJL3neCYHGwLUA
58781,1/26/2008,kflAp7pf-ULlzKlCw1glSg,nAjavNuvC2qB0nPoymd5Qw,5,0,0,0,Y,pbEiXam9YJL3neCYHGwLUA
58789,12/20/2006,Jp1cP4jpQC1DHFqseKYjeA,1JNYrHg1ab9B0HqXfkZ0aQ,4,0,0,0,Y,pbEiXam9YJL3neCYHGwLUA
58825,5/11/2010,CrN454vDIPWh-1zFtvYmaw,Y-AyNRfhkU2wkXBtKITwvQ,4,0,0,0,Y,AkfSndWBxnTn-LpmiL8aLA
59019,7/31/2009,-Yyau7jL3W3ba7D6qMvoHQ,FdLSrzN0tMa28br88goirg,5,0,0,0,Y,HOJqzz1WvOmeR9oESJ4d9A
59024,5/2/2007,_K5DoWeXprQUU-wwgVPKUw,p5vojnhcnk6nwALz-HPXFA,5,0,0,0,Y,bNXpwTSavHBV9zBk2lUlGA
59035,6/15/2009,quUU0haVCePjL5UBCvEE3Q,tplEB99unBBE0w9XoLmLcg,4,0,0,0,Y,HOJqzz1WvOmeR9oESJ4d9A
59147,12/10/2007,BavWiwukFWjgJKzDeR7U5A,Gq9v2xqrnkaH9oFuvyBiIw,5,0,0,0,Y,HOJqzz1WvOmeR9oESJ4d9A
59180,5/26/2011,G88squ_76VFZjFImkReX5w,Q6OT3Jkah0NYc6aPqtT-CA,5,0,0,0,Y,boE4Ahsssqic7o5wQLI04w
59189,10/18/2010,zbbRNtKd_d_5DwcVCTxKwg,Nz7FZ1Gt1dM4phwkL_Kk-g,5,0,0,0,Y,boE4Ahsssqic7o5wQLI04w
59306,10/8/2009,1m2h9LAY7SpWa-weUnmCNA,yBfiI6Asx22Sc7fJMceuYQ,4,0,0,0,Y,IuFEm-19YYh49T5ZlvwkDA
59364,10/23/2009,3eWm3q1RqupC9rrSCuBiIA,o4eqCc5WKd20YFyuZnGjmQ,4,0,0,0,Y,oEFJ29zAQaCNnQzebHQvpg
59366,2/11/2009,DjpWpNagk5DEks755y5TZg,BijJT9qVrYVxlhfchmXIRg,5,0,0,0,Y,oEFJ29zAQaCNnQzebHQvpg
59404,7/7/2009,GgR6xH2HAv5osH3Ybujeqw,pNpotuRUy_2HbRubh6M4zw,4,0,0,0,Y,oEFJ29zAQaCNnQzebHQvpg
59503,2/22/2010,0zE-EdyOb9g2zhWnvpcK0A,P-Y23hvIo1hEXyAyP2LDLQ,1,0,0,0,Y,jGiKIJCVLZHXQDSNnSLPsw
59525,10/3/2009,JrDj_QWiBYDQOPgoB5SOQw,hC2QcTsglkurmjQPiqkcvw,2,0,0,0,Y,jGiKIJCVLZHXQDSNnSLPsw
59574,7/23/2010,fORhjNgC6-qUpHKRTR_osQ,f3ATITu6cQqiY5IG3FCTwA,4,0,0,0,Y,F7IQngaDDBgYvhA3U31q-g
59653,3/21/2011,zT1JGlurK0YSB7rY-2yCEg,nyqipHtOAVS794ScNYHvqA,1,0,0,0,Y,DXwSYgiXqIVNdO9dazel6w
59664,1/18/2010,oxKJza0s0asE2cOF_WF1zw,nyDDt1C0Honpkg2z34DxFg,4,0,0,0,Y,DXwSYgiXqIVNdO9dazel6w
59667,10/10/2009,wCPpLR6AHW1HA6N2QSqQwA,-k_Z4kiL1yW2MSTCOJFzmA,1,0,0,0,Y,DXwSYgiXqIVNdO9dazel6w
59700,3/11/2012,5uKc99U8hj4dbpevy3Xc2A,THoS40BCM0m1f1qMp5aMng,1,0,0,0,Y,DXwSYgiXqIVNdO9dazel6w
59766,2/29/2012,xpDbv0H8NrTMijg2EGOxyw,ab2M3eBgfZZR8t7mL_veIg,5,0,0,0,Y,o54U2VkQama8FI30qDkWvw
59792,8/3/2010,CiVcIcdoS0Y55Fa-IgrG3Q,Ct7BJibmr5WlpZAE7CiorA,3,0,0,0,Y,o54U2VkQama8FI30qDkWvw
59872,12/16/2011,7XSY35LuUjwvSrM1d8VR0Q,rcrh-baCKZnd5H4z7QnxyQ,2,0,0,0,Y,o54U2VkQama8FI30qDkWvw
59923,10/21/2009,ICVYsFoiMRzxAFCYQbY4sA,knQNIhFTED9V6QKtcX-vfA,5,0,0,0,Y,O6uWHgJzylSjWjPSJKGhnQ
59965,5/8/2010,_LsxkI-aON8Zo-EVHqtMrw,od9IzJMOAln0UnDeD3x1Ow,5,0,0,0,Y,O6uWHgJzylSjWjPSJKGhnQ
59980,12/4/2009,i22Jn554R8_HwjWn3L8s9g,DmgUTWdlQUf9I54dy7Nz6w,5,0,0,0,Y,O6uWHgJzylSjWjPSJKGhnQ
60007,6/9/2009,MsGaoZw8X4sJgORUQv8cLQ,wponykQSCGnAHDdYacqzig,5,0,0,0,Y,dKcO9OQ44RPRlkWe-vToFA
60025,7/18/2011,LCVkT2PWkhl8e_eTHgflpA,iyXmi-1cjlUjhWHplEGU8A,1,0,0,0,Y,dKcO9OQ44RPRlkWe-vToFA
60071,10/31/2010,4bTkEy6W88q278MkX2BQrg,vlqmXI3INoWXItd3pLkbUQ,3,0,0,0,Y,dKcO9OQ44RPRlkWe-vToFA
60081,2/3/2007,5vzUL-jBZSokEWSzT7oAFg,ZeJVlp1H0aDl6PLN77C5Yg,5,0,0,0,Y,dKcO9OQ44RPRlkWe-vToFA
60108,7/18/2009,EY8ZEudmzwjOf-8rFSD7tA,2gP8SyYiPrMwb80SHSumfg,5,0,0,0,Y,tCkwBTuEFvhuaBoEUWqbuQ
60120,1/3/2008,FzZJ50DnmYxRcYaLEr0Hcg,hJCYKe48C9X6UA4_HeLw0g,5,0,0,0,Y,tCkwBTuEFvhuaBoEUWqbuQ
60183,1/9/2012,t6CgURcjpHb3Tzougx8u4A,0tawEbG_rWD6cIw5dDvsGQ,5,0,0,0,Y,sR4EOfPuI-at41uIxIZPhw
60268,8/1/2012,GISdFLkDwrZHSkVN_J7vhA,S2Vdng5MOAyWDDPv23EbDw,5,0,0,0,Y,m5_GCJP2W4zEJnyVgxa3eA
60283,10/2/2011,jxwAf74Vj8HQr_b62pHIzA,plfIfUKAuaz_Y63D7BerOw,1,0,0,0,Y,q-_jW5lauONk_58S-wVIrg
60296,1/20/2010,qooGmlEWeaEy3d9XGI1caw,_4fqW21qlBC9ptHXCRL2iQ,4,0,0,0,Y,m5_GCJP2W4zEJnyVgxa3eA
60299,8/9/2007,mQfpEOXJPNCPwFrB2FPfXw,B1qlU8g2-CLAcfaqJx-Jeg,3,0,0,0,Y,q-_jW5lauONk_58S-wVIrg
60313,9/27/2010,0he_i5gIjslZ9FyYGfUfUw,cX9egJhRa_IM8t3YIcGfOw,1,0,0,0,Y,m5_GCJP2W4zEJnyVgxa3eA
60370,6/20/2011,RPDNfdPUO-h-zNgxp7aEBA,10oJen9g1HtT-h-dI9xpmw,3,0,0,0,Y,m5_GCJP2W4zEJnyVgxa3eA
60424,11/26/2011,4pMPBUyvdi6FBCEAp16nZw,2rnO4hVpPlXhi5OMJ7Zy4w,1,0,0,0,Y,CQ75CQSyrsmb-S3UAwCHpw
60553,5/31/2012,qfsCOEtjDshgfmRMrX5cZw,EXC632BiFSc_5FqZ1v_diA,5,0,0,0,Y,43rd1LKcZRIunySzbMsyLQ
60564,3/9/2011,I1l4DtEdHP2syjPCNwnE_g,H9a_xkim4uXY9stvT9u1ng,3,0,0,0,Y,43rd1LKcZRIunySzbMsyLQ
60575,5/18/2012,UZEMufjKyGLdPYII6ST5qw,qjiHhm5GRfbAsFCjlc1bjQ,5,0,0,0,Y,43rd1LKcZRIunySzbMsyLQ
60736,12/2/2010,UO1IMKoA-nDVyZrT97z32Q,BO2NTSSPpO-B0POj3QwUkg,5,0,0,0,Y,8j97C2qR95tvpbGtoFxEAw
60764,5/22/2010,HPi5EcQjDwcs3MCjt0Uu0A,1mBfIosPZ5LGjbSHG_WYtA,5,0,0,0,Y,8j97C2qR95tvpbGtoFxEAw
60792,2/8/2010,HNP0qUGorsYNWUfBrdZELA,kFZbNOlrDpLaod8t-hE0kA,5,0,0,0,Y,eHtnZ0ISo63_0zr9rFotjw
60880,7/24/2010,80V5DMyKvH4IAB7ZcvX6nw,LX3dHNbtLXNM6yZmL4Fpqw,5,0,0,0,Y,JMa9cTNQA5mm4GbR2W8Oiw
61051,7/3/2011,wAx5nevo1IY1xLAJwblvGg,2KPBwc36alOMsJRLwhNmLg,1,0,0,0,Y,50gFzdVglOz88eFJ6v-26A
61191,12/18/2011,boRMTb2kPDRrEyQn9BpSOQ,r8R_AT_APfZm7wJLFREI7w,5,0,0,0,Y,oLM9piDKbj2PDgy-m3XEcQ
61252,1/8/2010,vgAY4YpPVa4DyxYI0OrqqQ,WH1S83psvo9Co6LciYz5lA,4,0,0,0,Y,dLS8GPg-K1O-zJ3VJAtiyg
61257,3/17/2009,u_fa-N9DcoNIzkUXVoVeZA,ppdI3Rbxcf6tskucQR_VHw,2,0,0,0,Y,oLM9piDKbj2PDgy-m3XEcQ
61290,4/23/2012,qCx0IC1mj7WALPmNYX-r5w,vDYVC5x9dSwCOZ78iDsRsg,3,0,0,0,Y,dLS8GPg-K1O-zJ3VJAtiyg
61316,10/23/2007,3V2vypfDcSlXQD_M6dTLpg,lpW8jeLMtLi4Z4QUCNHx-w,4,0,0,0,Y,NGfbRjWoqUh2fGw8DU_pmA
61338,3/23/2010,MBttvtkD3q_SORILjPAm-Q,BKkBF-1ksjB-mX9sE9qBWQ,5,0,0,0,Y,NGfbRjWoqUh2fGw8DU_pmA
61520,9/3/2012,3LzBqb8SWwsLFLMR8sgZ_Q,YAQ49IF99yYokTYB0ly3Tg,2,0,0,0,Y,Rlg07N7Sl1qTzjc7zc6Whg
61572,4/14/2012,EtNdR6eN7GROKbscHzx7JQ,7xucHLL_dgdq42hknOfQ_g,5,0,0,0,Y,UQ3cGi3GdBljE3i2_qLcBQ
61589,6/15/2011,abgfbySr_Ztd2osU4QMUew,4MT_SpcdH_GSc7S9KofmOA,4,0,0,0,Y,UQ3cGi3GdBljE3i2_qLcBQ
61646,11/28/2010,1a_3eTIfKSrWvy7k2feXSw,_fTOCLYTnvCJqkCrqWrAIg,4,0,0,0,Y,N7juvW8YoFIj7sEBzVF8GQ
61824,10/4/2009,ss2b3yi9mqspfa_kAib16w,QdTcm3DJI36zlXO3B6gICA,5,0,0,0,Y,N7juvW8YoFIj7sEBzVF8GQ
61864,10/9/2011,OCsOdLo5J3m5Aj1iL2aFtA,Z37p6ufH886m0tCQvj3qiA,1,0,0,0,Y,AqgG-1aD6JYj9D6OmBWO3w
61876,3/5/2008,qwLCFD95ssAyET8-sWlDgg,7Op55LLf2J1rTVqccDDYuQ,4,0,0,0,Y,AqgG-1aD6JYj9D6OmBWO3w
62014,4/14/2012,VLPpwzcQpKLUbmtaV_mXYw,ZC2hadc9Ur3m6jQ1DupDnw,5,0,0,0,Y,IvdOI86_CSCRFpid2atnyA
62015,2/27/2012,b1oaDcnX_vkCl6a07NTEIA,E3LGduKI2kmJA1n9IEJKYg,2,0,0,0,Y,IvdOI86_CSCRFpid2atnyA
62043,12/27/2010,X8t3-oTru6gm6jccF6iOfQ,tr5HrFs1UGMZ00VlFiaLhg,5,0,0,0,Y,IvdOI86_CSCRFpid2atnyA
62081,3/29/2011,ecETF0jSiZBpDS9S9ucsVA,MMj8GMG1vFTD0mLYmfRNNQ,2,0,0,0,Y,LYppbvgJlBG0SqjSKFiFGg
62092,9/16/2010,tsRnfwLXFwBralZsz7W4zA,qNl0SMcF-HMTwp19jJa2dg,5,0,0,0,Y,LYppbvgJlBG0SqjSKFiFGg
62168,5/11/2009,_7gy-x4wpITgowIl-_UsfA,2MgK4LPpNhKLMGnJqhvcug,3,0,0,0,Y,0fFLUKl71vv3eNV2xhikEw
62192,1/30/2010,UqtuYKwbgb3puM0XSVtPqA,B3_Qf0doFJLxHlJZyjlLjw,5,0,0,0,Y,0fFLUKl71vv3eNV2xhikEw
62278,1/9/2010,-zSt7lcssKLBd-1rT80jLg,gvZ17G_foRKWazRwE9giJQ,4,0,0,0,Y,5OtAmmypXvuTbkFBCziF_Q
62285,3/31/2012,WLS19ynmC4vqvFKP_u-3Zw,WNAnAjWTLSO4EDRIAABjsQ,4,0,0,0,Y,Z2nOMPedr7XYhgYhILJjEA
62316,11/15/2011,F5SZmaAKVAvcUcoS5qwIFw,x-4RIg1a9hEBaYvnEm5T8A,4,0,0,0,Y,Z2nOMPedr7XYhgYhILJjEA
62556,2/20/2011,1SzZ-r04dogs-AgU2sknpw,eI_6d7NlqxTywEc9rMnaeA,5,0,0,0,Y,OKOfoisduqP24uK3WYvx7Q
62589,1/5/2008,AkxSvj-Cj2rov7ltI5ZmuA,bW4UQehjB2La2_YxJaxrvQ,5,0,0,0,Y,sfWMOqUEp8S2adDeJp7Kzg
62736,8/20/2008,FpyY-FySmmt-VCe8ebA9XQ,Yq5xkdGGtZV-sykfYMHIKw,4,0,0,0,Y,mlhHPnHmjO2_ypcP5Vc9Zw
62772,3/7/2010,nr8v60xRPBCKZGKfMWZrqw,RNf1PtNKf8PqqHQ8xR8Tzg,4,0,0,0,Y,mlhHPnHmjO2_ypcP5Vc9Zw
62790,1/29/2011,NZtUGOPgGDk_1fD4nmf_tA,d3Yg0fgVBC2riBdelr3Mtg,5,0,0,0,Y,mlhHPnHmjO2_ypcP5Vc9Zw
62882,5/22/2012,JIjvnh5RrJibcYOsLS8ZpA,A8WL7DdOtkuvlJTEFzD5bg,1,0,0,0,Y,hylBw5ND7XyPldM6BN28vw
62894,12/5/2011,yNHPWaZW8hjXvisyLcPCjg,Pf6xeU8VRkXrxTRn1d5Zkg,5,0,0,0,Y,_UJ3KqtHIHjExbAg-iIGUA
62965,7/19/2007,fIK6VQmzuNjQR8QZtL19-Q,1kiCkOuZWAQKi1xJilDk4A,5,0,0,0,Y,_UJ3KqtHIHjExbAg-iIGUA
63009,7/12/2006,9b7rglwuaYtp8QZvAoSE3A,KcYP9KDGsyYHHcySqdCDOg,4,0,0,0,Y,hylBw5ND7XyPldM6BN28vw
63145,2/20/2012,oaxYtslC2dI90nmYfSwQeA,CNuK9vli9KOA0rd7EKo9cQ,4,0,0,0,Y,7mCeefskNUtOkzxt_MLHKA
63172,3/18/2010,3a542vt4GoGJbjV_OfOFWQ,nuSqKFh9zH6cHGGs4pO4OQ,5,0,0,0,Y,7mCeefskNUtOkzxt_MLHKA
63239,2/1/2011,QO5pi5uPv2SFjei1VuoVFw,xIXKcbzHbAKyqN1xcnXxCQ,1,0,0,0,Y,DBtXy8wcPsVr80oFfz-CbA
63312,10/12/2009,2pyGxQlhyL6IliCVSfdLDw,sUr-aMrvtMrj07tW5JcpeQ,4,0,0,0,Y,JDNZxz0ud7zhuPo5pqznMA
63319,10/13/2008,KCJmvbylZNemzXCqpSBfzA,VlKtsToYwZR-s4BOlgjiiw,2,0,0,0,Y,JDNZxz0ud7zhuPo5pqznMA
63357,3/19/2010,g2le2t44O2s2nJJiAt5H-Q,DnN0EdMW5giYow5-72USuw,5,0,0,0,Y,Au1f1UMmKcgOXLsg4v56xw
63362,2/27/2010,Beh-8QaWzAo8cHsce4XGZA,ldXj4ZTnrFACVVn5gnVsXQ,5,0,0,0,Y,Au1f1UMmKcgOXLsg4v56xw
63388,3/16/2012,mubeXaR5m7NjNb0eOcKLyg,-hRrgaDt4InFon_I57Yhvg,2,0,0,0,Y,6PQTqW9j-sriDBQyQCJbjw
63410,9/13/2006,2rFdoGMWv_jHs8VFVd78cA,WEaZUVM6hz5pTHqyhfkoLA,5,0,0,0,Y,6PQTqW9j-sriDBQyQCJbjw
63417,1/15/2010,C0y2NhYMXoXCrZmfGkbSRQ,yCgG9iNhQGE0I0DDgRXxaA,5,0,0,0,Y,6PQTqW9j-sriDBQyQCJbjw
63531,5/9/2012,OtFsaXdPPAdZsZuOikrR-w,-tF9mcXWq2ZP5QNfqgnbEQ,3,0,0,0,Y,o4NcUfco7JxOcyfKFWyAhg
63541,12/1/2011,7oDNdeDG4IahQizRNQBeTw,kEw61RQmY_AsNF6Ht1c3Tg,4,0,0,0,Y,o4NcUfco7JxOcyfKFWyAhg
63549,2/15/2011,FxAeUpCjr75tb0FjCARf4g,XyUaI5duRlvFGaa2wVOHJg,1,0,0,0,Y,o4NcUfco7JxOcyfKFWyAhg
63574,3/28/2011,RCOY5zg98300yJL3iklRAg,y30jXOyx97Ooi65qnxN44A,5,0,0,0,Y,o4NcUfco7JxOcyfKFWyAhg
63603,10/19/2011,MrQOhyt_3l2_TD6ZqTNOuQ,noSJF8OFKGKJh12kLKP-oA,5,0,0,0,Y,HOJqzz1WvOmeR9oESJ4d9A
63697,2/9/2011,j6EBnMWy8ZbL4Fw7V_SfKw,y3i1rzoddfYLypQmlaBX8A,5,0,0,0,Y,jGiKIJCVLZHXQDSNnSLPsw
63709,3/14/2012,zxiwZC-YLzPQ28yHSm4txQ,PP4-3KKT9qXIuy-bs4ZKdg,2,0,0,0,Y,F7IQngaDDBgYvhA3U31q-g
63828,9/9/2010,y__v6L-Q95YgoxCqTh8kCg,BGvcLGDt56cXW-mqZY9nXA,2,0,0,0,Y,_b69OdBNLhysN1jFlYNQiA
63832,7/2/2007,W1ZljX7-MVLibBWBKlxNEg,wBVj6lVqqu3JJGmNBXYOSA,5,0,0,0,Y,_b69OdBNLhysN1jFlYNQiA
63994,2/19/2010,5bnbxr96lqTImbNRNTym_g,6QptSvZE8mdhzKEWItEwgQ,4,0,0,0,Y,Z2nOMPedr7XYhgYhILJjEA
63996,7/30/2010,h5gGIn9Hoah4R705seXjng,Hgim2hND9QlM2aHZ-gmNmw,1,0,0,0,Y,3Mx2PM7v8qjqhgF3cDXxbQ
64068,4/7/2009,dvg9SsDKH_FRj4fjl86YSg,4qi_RbUC08_UR3q0-CLNrQ,5,0,0,0,Y,7mCeefskNUtOkzxt_MLHKA
64129,6/5/2011,aIQGVlmpa03dhg3Nzroexw,LwUTAjyDM0AnZyn0lecV1Q,2,0,0,0,Y,LlHEzxQTiiLJokn2tli35A
64138,3/18/2011,1L9b9Xyg9N9iDb5Mn5Ohzg,cmZaT9tV_AjMxLGLvVzUtw,4,0,0,0,Y,LlHEzxQTiiLJokn2tli35A
64152,7/22/2010,MxTD29aUyROzDb1fZSemLA,VPuteXccLR3SHLSxJQSHGg,5,0,0,0,Y,LlHEzxQTiiLJokn2tli35A
64159,4/10/2010,Q0CFG_Z5l0pewtmWmQ_Qbg,kIsTPqhfDiN8Q-1uvTsQFQ,5,0,0,0,Y,LlHEzxQTiiLJokn2tli35A
64354,8/11/2009,w2xGOCVPp5Bqaek21ettig,K8SXEhsu_bgqTkniUgbgag,1,0,0,0,Y,8d_DiHWB-pjBVW3a7D8EWg
64359,6/26/2009,Vy37hGkP0p4PCXp93XgyFw,VlG26BogziQ241PoJHhorw,1,0,0,0,Y,8d_DiHWB-pjBVW3a7D8EWg
64375,3/12/2010,CUrSg7D0JzMyqacujgSKeA,leu2l3CdLkBeqi0tUHrjtQ,4,0,0,0,Y,8d_DiHWB-pjBVW3a7D8EWg
64527,1/15/2010,e5kAHSdPfanRedY9mV9Jrw,yCgG9iNhQGE0I0DDgRXxaA,5,0,0,0,Y,CwPi6NVuJIZZx4IBcTekFQ
64532,2/11/2011,xobMg6AOVLFFcR7oCscj6g,wALYnyUbvS9s0cHZEMi_AQ,5,0,0,0,Y,CwPi6NVuJIZZx4IBcTekFQ
64609,3/24/2009,_8lM1dorv5DlnA4sDn8TMA,1kdycn5kZub5lz0M0HrrHg,2,0,0,0,Y,1g52-6WzlhjIOpNAsBjPJg
64621,12/15/2009,wcyX5DwabuMtBlDKxoEBzA,5Hs8sgLIC4ZNrYSEYXSXRA,5,0,0,0,Y,1g52-6WzlhjIOpNAsBjPJg
64690,12/27/2010,Z5Jl-_CneQre86tkpKFSSQ,F74DOZ13kXnBqflR-Z4YbA,1,0,0,0,Y,KomhK0JD5cleEW55YTw7MQ
64711,9/28/2008,91jrFtYt3QFXc0gbNJsK2w,s9oEz4w68FWUfDAU2FvB-A,5,0,0,0,Y,qkfBgSCbekH3DHTanVL1_w
64760,4/29/2009,GVQZWsQFVolvdzzGR2ztiw,ZcOJiJEVyR6tNRYluIAx6A,5,0,0,0,Y,qkfBgSCbekH3DHTanVL1_w
64775,8/13/2009,cXPSNWMpdyAy-FiD6ToRNQ,du2sKiC-N8MoTyWXWITa6w,4,0,0,0,Y,qkfBgSCbekH3DHTanVL1_w
64784,4/27/2012,JrkHVCZXQnKcKyxGGcuVBg,dPNXPGwJmGKkBNp4l78WSA,1,0,0,0,Y,n3VjBryfinjRG1W3LWsPBQ
64802,8/28/2011,JlQfd3XvKJ1-OG-JR3b-fg,rrzify83J1Lkw9Vs2t0BFw,1,0,0,0,Y,n3VjBryfinjRG1W3LWsPBQ
64839,8/24/2012,99aaHpgbVGBl_trmu1UAIQ,vhvurZZtLU2rXj1yctY8pg,4,0,0,0,Y,z_qEuUuRWIq4O-YufXHf1w
64959,4/26/2011,4ZbGLoMzCgS-W9OgPjXeJw,z4ho3S5sEcq8v0PDbmG-7w,5,0,0,0,Y,hvHVAs2lhaoYo_rxOUuSTQ
64989,8/2/2010,xSHusmCgSLNwDejtccv4rw,qFks-yV0xd3KWk7_Tb4SyQ,1,0,0,0,Y,_n3OmwreEGPQmiHKklsD8w
65025,5/12/2007,BooqV-iBB8EwkBm0g1G7UQ,NsIkN6X1etahVUISrMKr6g,3,0,0,0,Y,_n3OmwreEGPQmiHKklsD8w
65075,9/9/2008,MFhF4xhc36W0VVTxqjsnLw,HpIK2St_v_CWY6nm0AYrHw,1,0,0,0,Y,28gamO9SwWMHxwB0nP_plQ
65249,12/20/2008,DMETm2-HcuaiPOR3ud4Nng,ulnefle25vGxgsSgFis7FQ,5,0,0,0,Y,tW2jfL-qMccAYZSghPBbHA
65283,1/18/2012,yOfplRZUbFbaJaLUuwQKaA,tWPYvVwEsPs3be9hyPEOzw,5,0,0,0,Y,rnjz2KNgsQ2YaC_kjeuuAQ
65450,8/13/2011,9XIMZHNeIPHAoKIxQ1O6hA,YBOvh8wHGdqsXn9jNSjDRg,5,0,0,0,Y,ElCbMJRjgu9LDj4MxOKXew
65563,9/23/2008,FY5dYv9DMoMLavALUo4uJg,vY3_kGpiU2AkwbBRyvkXtA,4,0,0,0,Y,ElCbMJRjgu9LDj4MxOKXew
65603,7/5/2009,TQCjMf3Il3AVPvOlCHimnQ,Kp4d46mN1_i2vSL_NSOX2g,3,0,0,0,Y,ALwH81_sqskLmwfWS-_eeQ
65705,11/13/2010,n8zymWDq930q2TS0Sky7mQ,9X_COzRVC1LF4IHr5zQMVQ,5,0,0,0,Y,qqax04alS3UPx0Yp4jJNDQ
65725,1/17/2010,LIsE9qq_NVxtVNAPyMW8lA,9MQUmkYbTj9WrpaX35mwYg,5,0,0,0,Y,qqax04alS3UPx0Yp4jJNDQ
65755,2/19/2008,6-0Qs4ltucFcbcS_imB8Eg,CdjdJkqD-nq8KCMKAp56BA,5,0,0,0,Y,qqax04alS3UPx0Yp4jJNDQ
65762,3/18/2009,iupT7Ed2ignr2Nvd0qK_aA,t9NhoFA6HrpQf2zz9tkwDA,4,0,0,0,Y,qqax04alS3UPx0Yp4jJNDQ
65773,1/28/2012,bqIlIkjVbbBXJFjX4nQawA,FU2Ki6MhyeIlhY4IWQ4sdA,1,0,0,0,Y,1QKqtC4vML3QhkrSzwR_tQ
65798,1/15/2009,6reizYdItOTITt5ebwJuvQ,Svf4lN5iZMYf7KMkJ4Y0nA,3,0,0,0,Y,1QKqtC4vML3QhkrSzwR_tQ
65805,3/29/2012,Yflup7RY9IdRjytoLaNqWQ,uv97eSaNzZZF-LrVYXEdNQ,5,0,0,0,Y,ms5ge1XY9-Alu7HkybAMdQ
65819,3/23/2010,q_q5ojBrLgDUUa8gjKQVuA,dceLbthWNKJhByzGeM3lAQ,1,0,0,0,Y,1QKqtC4vML3QhkrSzwR_tQ
65832,7/17/2008,DQU_aI-zBtVaCOM0VNmh4A,-68PCMfAr7McfGUDowvNGQ,3,0,0,0,Y,1QKqtC4vML3QhkrSzwR_tQ
65891,2/20/2008,95AEyKcRyAdW72ixBrqjXA,qcj2TptCfoNN6cCwvLCXUQ,5,0,0,0,Y,Btjt4D8dJ-yEdsts3Tj5Hg
65947,7/18/2008,vfo_v1FXSxz7W112mNDXuA,4wTVoLKw8VQayqCNkSgeIw,3,0,0,0,Y,Btjt4D8dJ-yEdsts3Tj5Hg
65986,10/4/2011,57QjyHAYnF9Bul21Rq083Q,OaRTQVgLIBAvEIU23anXdw,2,0,0,0,Y,h-CNRJ-bqSZvz75J4A9cFg
65992,5/29/2011,OLDGpScU9xn4NlyeQ3zO0w,O0reoF8oi6hrM5YV7z0bNA,3,0,0,0,Y,h-CNRJ-bqSZvz75J4A9cFg
66019,7/7/2010,t2YMBqZ_rdyE6pK3PjkLRg,NFx9yazzgkkOPR8olS4kiw,4,0,0,0,Y,4wreIFjaPMppyEnzKHbozg
66042,1/15/2012,_PrPz-dV8BdR7paY4keumA,uspd7tNGRzMYU_WFJhyRBQ,4,0,0,0,Y,ptRZlXxngjFj5gghwPNNHA
66051,1/21/2010,-1GkfvA3SZzjcz64ciJP5A,bx5jjyD_fIe8Y-Hauh0DPA,4,0,0,0,Y,ptRZlXxngjFj5gghwPNNHA
66057,11/12/2009,m0JT6pvC4_3gXRf_o5o5Zg,hRmQGXv0iMuMpi4UuOry_Q,5,0,0,0,Y,ptRZlXxngjFj5gghwPNNHA
66111,11/27/2011,ZdwhUcERzISxFCz5Gk8FKA,qVzmVE1eFDAzEg94F7H5nA,4,0,0,0,Y,ptRZlXxngjFj5gghwPNNHA
66215,5/12/2011,BXzYMiFka09QfhGGoR80gA,lCcKRBEXD6cFZ1AiBWa2NA,5,0,0,0,Y,oCTlReyKjJxKPFYfCurxxQ
66239,11/17/2010,xE8yc2PXR8BU07ZWvoHmpQ,qZ_tTxQlq3HiqlAp37BWbA,5,0,0,0,Y,oCTlReyKjJxKPFYfCurxxQ
66460,7/25/2010,_kaVo1H_IE9e5gUqhCiywg,zGk08ToakIgXzr_RUS6bVQ,1,0,0,0,Y,6gZTET0y7ARZMrbJRmI2mw
66521,11/29/2010,3PMx5DRiGCrlUFqyjgEa1A,JDEbvk9qvII10OySMqzzkQ,4,0,0,0,Y,RYw_no9ohtCg09aKorVffg
66548,7/26/2012,mrUoG_g9Vug1o3InAZ4xhA,chggw27qnyUcfnuplZzpBA,3,0,0,0,Y,08X_5WTOVNvk4SgPRKBjjQ
66559,12/2/2008,pOu5bs_t-uD2jdbtHmu3Cg,aB7USLtIR4uOrRlBNVpTCg,5,0,0,0,Y,08X_5WTOVNvk4SgPRKBjjQ
66609,5/13/2011,HnejWiccG6wrARJUEyk67w,OVF94jpdjYHu83mKfB4Aag,1,0,0,0,Y,ibreTMGGaQSanZttUchjKg
66728,3/4/2011,4wvRE4x4x7UR23mt1rrlFw,DCWNFC1WZTGkYKduB-YUig,2,0,0,0,Y,08X_5WTOVNvk4SgPRKBjjQ
66771,2/17/2011,eJYVm9nSlxTuPaREkYUjrQ,45Q67gNbLWMV9WHhLIEaWg,5,0,0,0,Y,1iehp7Z2kejBq3RSeb4Dxg
66879,11/30/2011,_Otiap9LzsfjFYdu3S4x_A,WqtZnNtjPLBfcG7XvInsKw,1,0,0,0,Y,1iehp7Z2kejBq3RSeb4Dxg
435965,4/27/2012,iVvC5G5Lc1Y3dOdLQkOThA,d6_XPPyBmyuquxmicUD1cg,4,0,0,0,N,iBA2L7fbTJi2PcrjDaOfoQ
